alloy_id,Ni,Cr,Co,Mo,W,Re,Al,Ti,Ta,Nb,Hf,C,B,single_crystal,solution_T_C,aging_T_C,T_C,stress_MPa,log10_rupture_h
SYN-000,53.704,10.751,13.458,3.878,2.252,0.0,6.057,0.024,8.212,1.594,0.07,0.0,0.0,1,1265,861,850,1150.0,2.1597
SYN-000,53.704,10.751,13.458,3.878,2.252,0.0,6.057,0.024,8.212,1.594,0.07,0.0,0.0,1,1265,861,850,930.0,2.5355
SYN-000,53.704,10.751,13.458,3.878,2.252,0.0,6.057,0.024,8.212,1.594,0.07,0.0,0.0,1,1265,861,1000,250.0,2.3066
SYN-000,53.704,10.751,13.458,3.878,2.252,0.0,6.057,0.024,8.212,1.594,0.07,0.0,0.0,1,1265,861,1000,400.0,1.5809
SYN-000,53.704,10.751,13.458,3.878,2.252,0.0,6.057,0.024,8.212,1.594,0.07,0.0,0.0,1,1265,861,1000,170.0,2.8494
SYN-000,53.704,10.751,13.458,3.878,2.252,0.0,6.057,0.024,8.212,1.594,0.07,0.0,0.0,1,1265,861,1050,60.0,3.5608
SYN-000,53.704,10.751,13.458,3.878,2.252,0.0,6.057,0.024,8.212,1.594,0.07,0.0,0.0,1,1265,861,1050,140.0,2.6528
SYN-000,53.704,10.751,13.458,3.878,2.252,0.0,6.057,0.024,8.212,1.594,0.07,0.0,0.0,1,1265,861,1050,260.0,1.324
SYN-000,53.704,10.751,13.458,3.878,2.252,0.0,6.057,0.024,8.212,1.594,0.07,0.0,0.0,1,1265,861,1100,40.0,3.2253
SYN-000,53.704,10.751,13.458,3.878,2.252,0.0,6.057,0.024,8.212,1.594,0.07,0.0,0.0,1,1265,861,1100,100.0,2.1262
SYN-001,63.847,10.26,9.076,3.19,6.765,0.905,4.541,1.078,0.0,0.193,0.145,0.0,0.0,1,1150,988,1050,60.0,2.1123
SYN-001,63.847,10.26,9.076,3.19,6.765,0.905,4.541,1.078,0.0,0.193,0.145,0.0,0.0,1,1150,988,1100,40.0,1.1046
SYN-001,63.847,10.26,9.076,3.19,6.765,0.905,4.541,1.078,0.0,0.193,0.145,0.0,0.0,1,1150,988,1100,40.0,0.9503
SYN-001,63.847,10.26,9.076,3.19,6.765,0.905,4.541,1.078,0.0,0.193,0.145,0.0,0.0,1,1150,988,1000,210.0,1.3586
SYN-001,63.847,10.26,9.076,3.19,6.765,0.905,4.541,1.078,0.0,0.193,0.145,0.0,0.0,1,1150,988,1000,40.0,4.0417
SYN-001,63.847,10.26,9.076,3.19,6.765,0.905,4.541,1.078,0.0,0.193,0.145,0.0,0.0,1,1150,988,1000,50.0,3.43
SYN-001,63.847,10.26,9.076,3.19,6.765,0.905,4.541,1.078,0.0,0.193,0.145,0.0,0.0,1,1150,988,950,100.0,3.5432
SYN-001,63.847,10.26,9.076,3.19,6.765,0.905,4.541,1.078,0.0,0.193,0.145,0.0,0.0,1,1150,988,900,240.0,2.9969
SYN-001,63.847,10.26,9.076,3.19,6.765,0.905,4.541,1.078,0.0,0.193,0.145,0.0,0.0,1,1150,988,900,170.0,3.7245
SYN-002,60.717,13.347,2.051,0.0,8.153,0.0,5.2,3.569,5.13,1.452,0.34,0.034,0.007,0,1273,1074,900,650.0,2.5
SYN-002,60.717,13.347,2.051,0.0,8.153,0.0,5.2,3.569,5.13,1.452,0.34,0.034,0.007,0,1273,1074,850,1290.0,1.8271
SYN-002,60.717,13.347,2.051,0.0,8.153,0.0,5.2,3.569,5.13,1.452,0.34,0.034,0.007,0,1273,1074,850,780.0,2.9476
SYN-002,60.717,13.347,2.051,0.0,8.153,0.0,5.2,3.569,5.13,1.452,0.34,0.034,0.007,0,1273,1074,850,610.0,3.4244
SYN-002,60.717,13.347,2.051,0.0,8.153,0.0,5.2,3.569,5.13,1.452,0.34,0.034,0.007,0,1273,1074,800,1300.0,2.8679
SYN-002,60.717,13.347,2.051,0.0,8.153,0.0,5.2,3.569,5.13,1.452,0.34,0.034,0.007,0,1273,1074,800,820.0,3.7667
SYN-002,60.717,13.347,2.051,0.0,8.153,0.0,5.2,3.569,5.13,1.452,0.34,0.034,0.007,0,1273,1074,1050,150.0,2.3473
SYN-002,60.717,13.347,2.051,0.0,8.153,0.0,5.2,3.569,5.13,1.452,0.34,0.034,0.007,0,1273,1074,1050,100.0,2.8404
SYN-002,60.717,13.347,2.051,0.0,8.153,0.0,5.2,3.569,5.13,1.452,0.34,0.034,0.007,0,1273,1074,1000,290.0,2.0123
SYN-002,60.717,13.347,2.051,0.0,8.153,0.0,5.2,3.569,5.13,1.452,0.34,0.034,0.007,0,1273,1074,950,240.0,3.1666
SYN-003,64.297,3.585,13.7,0.0,8.777,3.14,6.205,0.21,0.0,0.04,0.0,0.042,0.004,0,1167,1003,700,1300.0,4.6551
SYN-003,64.297,3.585,13.7,0.0,8.777,3.14,6.205,0.21,0.0,0.04,0.0,0.042,0.004,0,1167,1003,700,1300.0,4.8835
SYN-003,64.297,3.585,13.7,0.0,8.777,3.14,6.205,0.21,0.0,0.04,0.0,0.042,0.004,0,1167,1003,950,270.0,2.7233
SYN-003,64.297,3.585,13.7,0.0,8.777,3.14,6.205,0.21,0.0,0.04,0.0,0.042,0.004,0,1167,1003,950,420.0,2.1013
SYN-003,64.297,3.585,13.7,0.0,8.777,3.14,6.205,0.21,0.0,0.04,0.0,0.042,0.004,0,1167,1003,950,360.0,2.3744
SYN-003,64.297,3.585,13.7,0.0,8.777,3.14,6.205,0.21,0.0,0.04,0.0,0.042,0.004,0,1167,1003,850,480.0,3.7635
SYN-003,64.297,3.585,13.7,0.0,8.777,3.14,6.205,0.21,0.0,0.04,0.0,0.042,0.004,0,1167,1003,850,1030.0,2.1083
SYN-003,64.297,3.585,13.7,0.0,8.777,3.14,6.205,0.21,0.0,0.04,0.0,0.042,0.004,0,1167,1003,850,730.0,3.0854
SYN-003,64.297,3.585,13.7,0.0,8.777,3.14,6.205,0.21,0.0,0.04,0.0,0.042,0.004,0,1167,1003,1000,160.0,2.7542
SYN-003,64.297,3.585,13.7,0.0,8.777,3.14,6.205,0.21,0.0,0.04,0.0,0.042,0.004,0,1167,1003,750,1290.0,3.5979
SYN-003,64.297,3.585,13.7,0.0,8.777,3.14,6.205,0.21,0.0,0.04,0.0,0.042,0.004,0,1167,1003,1050,70.0,2.8974
SYN-003,64.297,3.585,13.7,0.0,8.777,3.14,6.205,0.21,0.0,0.04,0.0,0.042,0.004,0,1167,1003,1050,220.0,1.3084
SYN-003,64.297,3.585,13.7,0.0,8.777,3.14,6.205,0.21,0.0,0.04,0.0,0.042,0.004,0,1167,1003,1100,40.0,2.0446
SYN-004,84.261,5.464,0.0,2.287,0.815,0.0,5.027,1.349,0.775,0.0,0.02,0.002,0.0,1,1150,874,1050,60.0,1.5704
SYN-004,84.261,5.464,0.0,2.287,0.815,0.0,5.027,1.349,0.775,0.0,0.02,0.002,0.0,1,1150,874,1050,40.0,2.2226
SYN-004,84.261,5.464,0.0,2.287,0.815,0.0,5.027,1.349,0.775,0.0,0.02,0.002,0.0,1,1150,874,1050,40.0,2.0793
SYN-004,84.261,5.464,0.0,2.287,0.815,0.0,5.027,1.349,0.775,0.0,0.02,0.002,0.0,1,1150,874,900,370.0,1.7
SYN-004,84.261,5.464,0.0,2.287,0.815,0.0,5.027,1.349,0.775,0.0,0.02,0.002,0.0,1,1150,874,900,90.0,4.0372
SYN-004,84.261,5.464,0.0,2.287,0.815,0.0,5.027,1.349,0.775,0.0,0.02,0.002,0.0,1,1150,874,900,120.0,3.4958
SYN-004,84.261,5.464,0.0,2.287,0.815,0.0,5.027,1.349,0.775,0.0,0.02,0.002,0.0,1,1150,874,850,250.0,3.2004
SYN-004,84.261,5.464,0.0,2.287,0.815,0.0,5.027,1.349,0.775,0.0,0.02,0.002,0.0,1,1150,874,1000,40.0,3.064
SYN-004,84.261,5.464,0.0,2.287,0.815,0.0,5.027,1.349,0.775,0.0,0.02,0.002,0.0,1,1150,874,1000,80.0,2.1203
SYN-005,58.052,13.82,8.136,0.0,5.48,0.0,4.335,0.0,9.195,0.775,0.207,0.0,0.0,0,1273,1038,950,310.0,1.3374
SYN-005,58.052,13.82,8.136,0.0,5.48,0.0,4.335,0.0,9.195,0.775,0.207,0.0,0.0,0,1273,1038,750,1180.0,2.7147
SYN-005,58.052,13.82,8.136,0.0,5.48,0.0,4.335,0.0,9.195,0.775,0.207,0.0,0.0,0,1273,1038,750,1090.0,2.8018
SYN-005,58.052,13.82,8.136,0.0,5.48,0.0,4.335,0.0,9.195,0.775,0.207,0.0,0.0,0,1273,1038,1000,180.0,1.3544
SYN-005,58.052,13.82,8.136,0.0,5.48,0.0,4.335,0.0,9.195,0.775,0.207,0.0,0.0,0,1273,1038,1000,140.0,2.0806
SYN-005,58.052,13.82,8.136,0.0,5.48,0.0,4.335,0.0,9.195,0.775,0.207,0.0,0.0,0,1273,1038,1100,40.0,1.7238
SYN-005,58.052,13.82,8.136,0.0,5.48,0.0,4.335,0.0,9.195,0.775,0.207,0.0,0.0,0,1273,1038,900,180.0,3.3939
SYN-005,58.052,13.82,8.136,0.0,5.48,0.0,4.335,0.0,9.195,0.775,0.207,0.0,0.0,0,1273,1038,900,520.0,1.382
SYN-005,58.052,13.82,8.136,0.0,5.48,0.0,4.335,0.0,9.195,0.775,0.207,0.0,0.0,0,1273,1038,900,130.0,3.8876
SYN-006,61.013,13.071,13.102,0.0,1.363,0.679,6.429,0.0,2.307,1.94,0.0,0.086,0.01,0,1234,1027,1100,40.0,2.7387
SYN-006,61.013,13.071,13.102,0.0,1.363,0.679,6.429,0.0,2.307,1.94,0.0,0.086,0.01,0,1234,1027,1100,40.0,2.6694
SYN-006,61.013,13.071,13.102,0.0,1.363,0.679,6.429,0.0,2.307,1.94,0.0,0.086,0.01,0,1234,1027,1050,200.0,1.3632
SYN-006,61.013,13.071,13.102,0.0,1.363,0.679,6.429,0.0,2.307,1.94,0.0,0.086,0.01,0,1234,1027,950,530.0,1.5928
SYN-006,61.013,13.071,13.102,0.0,1.363,0.679,6.429,0.0,2.307,1.94,0.0,0.086,0.01,0,1234,1027,950,170.0,3.3445
SYN-006,61.013,13.071,13.102,0.0,1.363,0.679,6.429,0.0,2.307,1.94,0.0,0.086,0.01,0,1234,1027,1000,170.0,2.6245
SYN-006,61.013,13.071,13.102,0.0,1.363,0.679,6.429,0.0,2.307,1.94,0.0,0.086,0.01,0,1234,1027,800,600.0,4.2539
SYN-006,61.013,13.071,13.102,0.0,1.363,0.679,6.429,0.0,2.307,1.94,0.0,0.086,0.01,0,1234,1027,900,640.0,1.8601
SYN-006,61.013,13.071,13.102,0.0,1.363,0.679,6.429,0.0,2.307,1.94,0.0,0.086,0.01,0,1234,1027,900,820.0,1.4517
SYN-007,54.618,15.417,7.03,0.0,7.204,3.14,5.558,0.0,5.628,0.0,1.398,0.007,0.0,0,1222,988,800,1300.0,3.0572
SYN-007,54.618,15.417,7.03,0.0,7.204,3.14,5.558,0.0,5.628,0.0,1.398,0.007,0.0,0,1222,988,800,1300.0,3.0701
SYN-007,54.618,15.417,7.03,0.0,7.204,3.14,5.558,0.0,5.628,0.0,1.398,0.007,0.0,0,1222,988,900,680.0,2.6448
SYN-007,54.618,15.417,7.03,0.0,7.204,3.14,5.558,0.0,5.628,0.0,1.398,0.007,0.0,0,1222,988,900,1140.0,1.4065
SYN-007,54.618,15.417,7.03,0.0,7.204,3.14,5.558,0.0,5.628,0.0,1.398,0.007,0.0,0,1222,988,950,240.0,3.3314
SYN-007,54.618,15.417,7.03,0.0,7.204,3.14,5.558,0.0,5.628,0.0,1.398,0.007,0.0,0,1222,988,950,640.0,1.7425
SYN-008,65.669,6.101,0.0,4.995,3.526,2.684,4.301,2.616,9.479,0.0,0.566,0.045,0.018,0,1256,1042,900,730.0,3.5444
SYN-008,65.669,6.101,0.0,4.995,3.526,2.684,4.301,2.616,9.479,0.0,0.566,0.045,0.018,0,1256,1042,800,1300.0,4.2249
SYN-008,65.669,6.101,0.0,4.995,3.526,2.684,4.301,2.616,9.479,0.0,0.566,0.045,0.018,0,1256,1042,800,1290.0,4.2475
SYN-008,65.669,6.101,0.0,4.995,3.526,2.684,4.301,2.616,9.479,0.0,0.566,0.045,0.018,0,1256,1042,1100,200.0,2.0735
SYN-008,65.669,6.101,0.0,4.995,3.526,2.684,4.301,2.616,9.479,0.0,0.566,0.045,0.018,0,1256,1042,1100,280.0,1.5797
SYN-008,65.669,6.101,0.0,4.995,3.526,2.684,4.301,2.616,9.479,0.0,0.566,0.045,0.018,0,1256,1042,1100,150.0,2.5746
SYN-008,65.669,6.101,0.0,4.995,3.526,2.684,4.301,2.616,9.479,0.0,0.566,0.045,0.018,0,1256,1042,1050,130.0,3.6756
SYN-008,65.669,6.101,0.0,4.995,3.526,2.684,4.301,2.616,9.479,0.0,0.566,0.045,0.018,0,1256,1042,1050,200.0,2.9194
SYN-008,65.669,6.101,0.0,4.995,3.526,2.684,4.301,2.616,9.479,0.0,0.566,0.045,0.018,0,1256,1042,1000,340.0,3.0204
SYN-008,65.669,6.101,0.0,4.995,3.526,2.684,4.301,2.616,9.479,0.0,0.566,0.045,0.018,0,1256,1042,1000,170.0,4.1713
SYN-008,65.669,6.101,0.0,4.995,3.526,2.684,4.301,2.616,9.479,0.0,0.566,0.045,0.018,0,1256,1042,1000,560.0,2.0451
SYN-008,65.669,6.101,0.0,4.995,3.526,2.684,4.301,2.616,9.479,0.0,0.566,0.045,0.018,0,1256,1042,950,1110.0,1.6303
SYN-009,84.659,3.9,2.071,0.869,2.833,0.0,3.09,0.827,1.65,0.0,0.023,0.078,0.0,0,1153,862,850,250.0,1.4107
SYN-009,84.659,3.9,2.071,0.869,2.833,0.0,3.09,0.827,1.65,0.0,0.023,0.078,0.0,0,1153,862,900,50.0,2.9304
SYN-009,84.659,3.9,2.071,0.869,2.833,0.0,3.09,0.827,1.65,0.0,0.023,0.078,0.0,0,1153,862,900,110.0,2.0432
SYN-009,84.659,3.9,2.071,0.869,2.833,0.0,3.09,0.827,1.65,0.0,0.023,0.078,0.0,0,1153,862,900,40.0,3.2528
SYN-009,84.659,3.9,2.071,0.869,2.833,0.0,3.09,0.827,1.65,0.0,0.023,0.078,0.0,0,1153,862,950,80.0,1.3064
SYN-009,84.659,3.9,2.071,0.869,2.833,0.0,3.09,0.827,1.65,0.0,0.023,0.078,0.0,0,1153,862,1000,40.0,1.4464
SYN-009,84.659,3.9,2.071,0.869,2.833,0.0,3.09,0.827,1.65,0.0,0.023,0.078,0.0,0,1153,862,1000,40.0,1.3203
SYN-009,84.659,3.9,2.071,0.869,2.833,0.0,3.09,0.827,1.65,0.0,0.023,0.078,0.0,0,1153,862,700,690.0,2.3107
SYN-009,84.659,3.9,2.071,0.869,2.833,0.0,3.09,0.827,1.65,0.0,0.023,0.078,0.0,0,1153,862,700,320.0,4.0665
SYN-009,84.659,3.9,2.071,0.869,2.833,0.0,3.09,0.827,1.65,0.0,0.023,0.078,0.0,0,1153,862,700,670.0,2.2441
SYN-009,84.659,3.9,2.071,0.869,2.833,0.0,3.09,0.827,1.65,0.0,0.023,0.078,0.0,0,1153,862,750,580.0,1.5258
SYN-009,84.659,3.9,2.071,0.869,2.833,0.0,3.09,0.827,1.65,0.0,0.023,0.078,0.0,0,1153,862,750,450.0,2.2728
SYN-009,84.659,3.9,2.071,0.869,2.833,0.0,3.09,0.827,1.65,0.0,0.023,0.078,0.0,0,1153,862,750,170.0,4.2087
SYN-010,68.906,2.493,8.251,4.233,0.844,1.646,5.676,2.736,3.128,1.258,0.682,0.147,0.0,0,1207,1033,1050,50.0,4.0932
SYN-010,68.906,2.493,8.251,4.233,0.844,1.646,5.676,2.736,3.128,1.258,0.682,0.147,0.0,0,1207,1033,1050,230.0,2.008
SYN-010,68.906,2.493,8.251,4.233,0.844,1.646,5.676,2.736,3.128,1.258,0.682,0.147,0.0,0,1207,1033,800,1300.0,3.3622
SYN-010,68.906,2.493,8.251,4.233,0.844,1.646,5.676,2.736,3.128,1.258,0.682,0.147,0.0,0,1207,1033,800,1160.0,3.7116
SYN-010,68.906,2.493,8.251,4.233,0.844,1.646,5.676,2.736,3.128,1.258,0.682,0.147,0.0,0,1207,1033,800,1290.0,3.3476
SYN-010,68.906,2.493,8.251,4.233,0.844,1.646,5.676,2.736,3.128,1.258,0.682,0.147,0.0,0,1207,1033,1100,210.0,1.6213
SYN-010,68.906,2.493,8.251,4.233,0.844,1.646,5.676,2.736,3.128,1.258,0.682,0.147,0.0,0,1207,1033,1100,40.0,3.5456
SYN-010,68.906,2.493,8.251,4.233,0.844,1.646,5.676,2.736,3.128,1.258,0.682,0.147,0.0,0,1207,1033,750,1300.0,4.4296
SYN-010,68.906,2.493,8.251,4.233,0.844,1.646,5.676,2.736,3.128,1.258,0.682,0.147,0.0,0,1207,1033,900,980.0,1.8461
SYN-010,68.906,2.493,8.251,4.233,0.844,1.646,5.676,2.736,3.128,1.258,0.682,0.147,0.0,0,1207,1033,900,410.0,3.9269
SYN-010,68.906,2.493,8.251,4.233,0.844,1.646,5.676,2.736,3.128,1.258,0.682,0.147,0.0,0,1207,1033,850,1180.0,2.7284
SYN-010,68.906,2.493,8.251,4.233,0.844,1.646,5.676,2.736,3.128,1.258,0.682,0.147,0.0,0,1207,1033,850,1030.0,2.8206
SYN-011,57.788,13.239,8.257,0.0,5.827,0.0,3.581,2.786,8.17,0.27,0.082,0.0,0.0,1,1244,1062,800,1300.0,2.2948
SYN-011,57.788,13.239,8.257,0.0,5.827,0.0,3.581,2.786,8.17,0.27,0.082,0.0,0.0,1,1244,1062,800,700.0,3.7628
SYN-011,57.788,13.239,8.257,0.0,5.827,0.0,3.581,2.786,8.17,0.27,0.082,0.0,0.0,1,1244,1062,800,1260.0,2.2291
SYN-011,57.788,13.239,8.257,0.0,5.827,0.0,3.581,2.786,8.17,0.27,0.082,0.0,0.0,1,1244,1062,700,1300.0,4.4359
SYN-011,57.788,13.239,8.257,0.0,5.827,0.0,3.581,2.786,8.17,0.27,0.082,0.0,0.0,1,1244,1062,700,1300.0,4.4674
SYN-011,57.788,13.239,8.257,0.0,5.827,0.0,3.581,2.786,8.17,0.27,0.082,0.0,0.0,1,1244,1062,700,1290.0,4.4832
SYN-011,57.788,13.239,8.257,0.0,5.827,0.0,3.581,2.786,8.17,0.27,0.082,0.0,0.0,1,1244,1062,1050,50.0,3.1635
SYN-011,57.788,13.239,8.257,0.0,5.827,0.0,3.581,2.786,8.17,0.27,0.082,0.0,0.0,1,1244,1062,900,530.0,1.9845
SYN-011,57.788,13.239,8.257,0.0,5.827,0.0,3.581,2.786,8.17,0.27,0.082,0.0,0.0,1,1244,1062,1100,40.0,2.6335
SYN-011,57.788,13.239,8.257,0.0,5.827,0.0,3.581,2.786,8.17,0.27,0.082,0.0,0.0,1,1244,1062,1100,40.0,2.722
SYN-011,57.788,13.239,8.257,0.0,5.827,0.0,3.581,2.786,8.17,0.27,0.082,0.0,0.0,1,1244,1062,1100,100.0,1.4434
SYN-011,57.788,13.239,8.257,0.0,5.827,0.0,3.581,2.786,8.17,0.27,0.082,0.0,0.0,1,1244,1062,750,1300.0,3.1797
SYN-012,70.857,14.42,0.0,0.0,7.36,0.0,3.488,1.97,0.0,1.871,0.022,0.012,0.0,1,1167,1003,800,490.0,2.6618
SYN-012,70.857,14.42,0.0,0.0,7.36,0.0,3.488,1.97,0.0,1.871,0.022,0.012,0.0,1,1167,1003,800,390.0,3.2666
SYN-012,70.857,14.42,0.0,0.0,7.36,0.0,3.488,1.97,0.0,1.871,0.022,0.012,0.0,1,1167,1003,950,40.0,3.6635
SYN-012,70.857,14.42,0.0,0.0,7.36,0.0,3.488,1.97,0.0,1.871,0.022,0.012,0.0,1,1167,1003,1000,40.0,2.7036
SYN-012,70.857,14.42,0.0,0.0,7.36,0.0,3.488,1.97,0.0,1.871,0.022,0.012,0.0,1,1167,1003,850,350.0,2.4182
SYN-013,66.602,2.855,11.31,0.0,6.719,4.814,3.805,1.052,2.779,0.0,0.0,0.064,0.0,0,1169,937,900,160.0,3.9661
SYN-013,66.602,2.855,11.31,0.0,6.719,4.814,3.805,1.052,2.779,0.0,0.0,0.064,0.0,0,1169,937,900,650.0,1.5309
SYN-013,66.602,2.855,11.31,0.0,6.719,4.814,3.805,1.052,2.779,0.0,0.0,0.064,0.0,0,1169,937,900,210.0,3.4617
SYN-013,66.602,2.855,11.31,0.0,6.719,4.814,3.805,1.052,2.779,0.0,0.0,0.064,0.0,0,1169,937,1100,40.0,1.7388
SYN-013,66.602,2.855,11.31,0.0,6.719,4.814,3.805,1.052,2.779,0.0,0.0,0.064,0.0,0,1169,937,700,1190.0,4.1746
SYN-013,66.602,2.855,11.31,0.0,6.719,4.814,3.805,1.052,2.779,0.0,0.0,0.064,0.0,0,1169,937,700,1260.0,4.3329
SYN-013,66.602,2.855,11.31,0.0,6.719,4.814,3.805,1.052,2.779,0.0,0.0,0.064,0.0,0,1169,937,700,1120.0,4.6179
SYN-013,66.602,2.855,11.31,0.0,6.719,4.814,3.805,1.052,2.779,0.0,0.0,0.064,0.0,0,1169,937,750,1170.0,3.4788
SYN-013,66.602,2.855,11.31,0.0,6.719,4.814,3.805,1.052,2.779,0.0,0.0,0.064,0.0,0,1169,937,750,850.0,3.9266
SYN-013,66.602,2.855,11.31,0.0,6.719,4.814,3.805,1.052,2.779,0.0,0.0,0.064,0.0,0,1169,937,750,990.0,3.6453
SYN-013,66.602,2.855,11.31,0.0,6.719,4.814,3.805,1.052,2.779,0.0,0.0,0.064,0.0,0,1169,937,850,530.0,2.9004
SYN-013,66.602,2.855,11.31,0.0,6.719,4.814,3.805,1.052,2.779,0.0,0.0,0.064,0.0,0,1169,937,850,750.0,2.3066
SYN-013,66.602,2.855,11.31,0.0,6.719,4.814,3.805,1.052,2.779,0.0,0.0,0.064,0.0,0,1169,937,850,860.0,1.9405
SYN-013,66.602,2.855,11.31,0.0,6.719,4.814,3.805,1.052,2.779,0.0,0.0,0.064,0.0,0,1169,937,1050,40.0,3.1482
SYN-013,66.602,2.855,11.31,0.0,6.719,4.814,3.805,1.052,2.779,0.0,0.0,0.064,0.0,0,1169,937,1050,80.0,2.2325
SYN-013,66.602,2.855,11.31,0.0,6.719,4.814,3.805,1.052,2.779,0.0,0.0,0.064,0.0,0,1169,937,950,380.0,1.7571
SYN-013,66.602,2.855,11.31,0.0,6.719,4.814,3.805,1.052,2.779,0.0,0.0,0.064,0.0,0,1169,937,950,230.0,2.5949
SYN-013,66.602,2.855,11.31,0.0,6.719,4.814,3.805,1.052,2.779,0.0,0.0,0.064,0.0,0,1169,937,950,80.0,4.2161
SYN-014,64.038,14.47,0.0,0.645,6.931,4.873,5.753,0.0,1.771,0.071,1.277,0.166,0.005,0,1198,929,750,1280.0,4.7707
SYN-014,64.038,14.47,0.0,0.645,6.931,4.873,5.753,0.0,1.771,0.071,1.277,0.166,0.005,0,1198,929,750,1300.0,4.7624
SYN-014,64.038,14.47,0.0,0.645,6.931,4.873,5.753,0.0,1.771,0.071,1.277,0.166,0.005,0,1198,929,800,1300.0,3.4992
SYN-014,64.038,14.47,0.0,0.645,6.931,4.873,5.753,0.0,1.771,0.071,1.277,0.166,0.005,0,1198,929,800,1300.0,3.6197
SYN-014,64.038,14.47,0.0,0.645,6.931,4.873,5.753,0.0,1.771,0.071,1.277,0.166,0.005,0,1198,929,800,1150.0,3.8911
SYN-014,64.038,14.47,0.0,0.645,6.931,4.873,5.753,0.0,1.771,0.071,1.277,0.166,0.005,0,1198,929,1000,370.0,2.286
SYN-014,64.038,14.47,0.0,0.645,6.931,4.873,5.753,0.0,1.771,0.071,1.277,0.166,0.005,0,1198,929,1100,170.0,1.4163
SYN-014,64.038,14.47,0.0,0.645,6.931,4.873,5.753,0.0,1.771,0.071,1.277,0.166,0.005,0,1198,929,1050,180.0,2.5299
SYN-014,64.038,14.47,0.0,0.645,6.931,4.873,5.753,0.0,1.771,0.071,1.277,0.166,0.005,0,1198,929,1050,120.0,3.1984
SYN-014,64.038,14.47,0.0,0.645,6.931,4.873,5.753,0.0,1.771,0.071,1.277,0.166,0.005,0,1198,929,1050,70.0,4.0381
SYN-014,64.038,14.47,0.0,0.645,6.931,4.873,5.753,0.0,1.771,0.071,1.277,0.166,0.005,0,1198,929,900,730.0,2.8466
SYN-014,64.038,14.47,0.0,0.645,6.931,4.873,5.753,0.0,1.771,0.071,1.277,0.166,0.005,0,1198,929,900,1130.0,2.139
SYN-014,64.038,14.47,0.0,0.645,6.931,4.873,5.753,0.0,1.771,0.071,1.277,0.166,0.005,0,1198,929,900,430.0,3.8449
SYN-015,66.938,2.761,12.109,2.709,3.791,2.102,3.243,0.0,6.231,0.0,0.1,0.016,0.0,1,1188,923,950,210.0,1.9921
SYN-015,66.938,2.761,12.109,2.709,3.791,2.102,3.243,0.0,6.231,0.0,0.1,0.016,0.0,1,1188,923,1100,40.0,1.446
SYN-015,66.938,2.761,12.109,2.709,3.791,2.102,3.243,0.0,6.231,0.0,0.1,0.016,0.0,1,1188,923,1100,40.0,1.3524
SYN-015,66.938,2.761,12.109,2.709,3.791,2.102,3.243,0.0,6.231,0.0,0.1,0.016,0.0,1,1188,923,1100,40.0,1.4474
SYN-015,66.938,2.761,12.109,2.709,3.791,2.102,3.243,0.0,6.231,0.0,0.1,0.016,0.0,1,1188,923,1000,50.0,3.3128
SYN-015,66.938,2.761,12.109,2.709,3.791,2.102,3.243,0.0,6.231,0.0,0.1,0.016,0.0,1,1188,923,1000,180.0,1.4734
SYN-015,66.938,2.761,12.109,2.709,3.791,2.102,3.243,0.0,6.231,0.0,0.1,0.016,0.0,1,1188,923,1000,90.0,2.2751
SYN-015,66.938,2.761,12.109,2.709,3.791,2.102,3.243,0.0,6.231,0.0,0.1,0.016,0.0,1,1188,923,700,1190.0,3.5097
SYN-015,66.938,2.761,12.109,2.709,3.791,2.102,3.243,0.0,6.231,0.0,0.1,0.016,0.0,1,1188,923,700,920.0,4.3154
SYN-015,66.938,2.761,12.109,2.709,3.791,2.102,3.243,0.0,6.231,0.0,0.1,0.016,0.0,1,1188,923,700,1230.0,3.2958
SYN-015,66.938,2.761,12.109,2.709,3.791,2.102,3.243,0.0,6.231,0.0,0.1,0.016,0.0,1,1188,923,1050,40.0,2.7619
SYN-015,66.938,2.761,12.109,2.709,3.791,2.102,3.243,0.0,6.231,0.0,0.1,0.016,0.0,1,1188,923,1050,40.0,2.6491
SYN-016,67.02,9.869,0.0,2.71,6.295,0.0,6.024,1.755,5.109,0.228,0.845,0.13,0.015,0,1340,967,850,700.0,4.0516
SYN-016,67.02,9.869,0.0,2.71,6.295,0.0,6.024,1.755,5.109,0.228,0.845,0.13,0.015,0,1340,967,850,1220.0,3.0871
SYN-016,67.02,9.869,0.0,2.71,6.295,0.0,6.024,1.755,5.109,0.228,0.845,0.13,0.015,0,1340,967,1000,530.0,1.9401
SYN-016,67.02,9.869,0.0,2.71,6.295,0.0,6.024,1.755,5.109,0.228,0.845,0.13,0.015,0,1340,967,1000,150.0,3.8207
SYN-016,67.02,9.869,0.0,2.71,6.295,0.0,6.024,1.755,5.109,0.228,0.845,0.13,0.015,0,1340,967,800,1300.0,3.4861
SYN-016,67.02,9.869,0.0,2.71,6.295,0.0,6.024,1.755,5.109,0.228,0.845,0.13,0.015,0,1340,967,800,1300.0,3.7424
SYN-016,67.02,9.869,0.0,2.71,6.295,0.0,6.024,1.755,5.109,0.228,0.845,0.13,0.015,0,1340,967,950,830.0,1.833
SYN-016,67.02,9.869,0.0,2.71,6.295,0.0,6.024,1.755,5.109,0.228,0.845,0.13,0.015,0,1340,967,900,430.0,3.8264
SYN-016,67.02,9.869,0.0,2.71,6.295,0.0,6.024,1.755,5.109,0.228,0.845,0.13,0.015,0,1340,967,1100,40.0,3.835
SYN-016,67.02,9.869,0.0,2.71,6.295,0.0,6.024,1.755,5.109,0.228,0.845,0.13,0.015,0,1340,967,1100,80.0,2.9207
SYN-017,56.243,12.412,12.853,0.295,5.924,5.902,4.609,0.0,0.0,1.747,0.0,0.015,0.0,1,1182,941,950,600.0,1.4334
SYN-017,56.243,12.412,12.853,0.295,5.924,5.902,4.609,0.0,0.0,1.747,0.0,0.015,0.0,1,1182,941,950,350.0,2.5326
SYN-017,56.243,12.412,12.853,0.295,5.924,5.902,4.609,0.0,0.0,1.747,0.0,0.015,0.0,1,1182,941,950,200.0,3.6253
SYN-017,56.243,12.412,12.853,0.295,5.924,5.902,4.609,0.0,0.0,1.747,0.0,0.015,0.0,1,1182,941,1000,70.0,3.9598
SYN-017,56.243,12.412,12.853,0.295,5.924,5.902,4.609,0.0,0.0,1.747,0.0,0.015,0.0,1,1182,941,1050,70.0,2.9838
SYN-017,56.243,12.412,12.853,0.295,5.924,5.902,4.609,0.0,0.0,1.747,0.0,0.015,0.0,1,1182,941,850,780.0,2.8763
SYN-017,56.243,12.412,12.853,0.295,5.924,5.902,4.609,0.0,0.0,1.747,0.0,0.015,0.0,1,1182,941,850,530.0,3.6139
SYN-017,56.243,12.412,12.853,0.295,5.924,5.902,4.609,0.0,0.0,1.747,0.0,0.015,0.0,1,1182,941,850,1060.0,2.4359
SYN-017,56.243,12.412,12.853,0.295,5.924,5.902,4.609,0.0,0.0,1.747,0.0,0.015,0.0,1,1182,941,800,1120.0,3.08
SYN-018,62.115,13.008,0.989,4.826,8.77,1.818,3.448,3.986,0.0,0.25,0.748,0.042,0.0,0,1150,915,950,340.0,1.8594
SYN-018,62.115,13.008,0.989,4.826,8.77,1.818,3.448,3.986,0.0,0.25,0.748,0.042,0.0,0,1150,915,1100,40.0,1.3161
SYN-018,62.115,13.008,0.989,4.826,8.77,1.818,3.448,3.986,0.0,0.25,0.748,0.042,0.0,0,1150,915,1100,40.0,1.4388
SYN-018,62.115,13.008,0.989,4.826,8.77,1.818,3.448,3.986,0.0,0.25,0.748,0.042,0.0,0,1150,915,1100,40.0,1.5686
SYN-018,62.115,13.008,0.989,4.826,8.77,1.818,3.448,3.986,0.0,0.25,0.748,0.042,0.0,0,1150,915,1050,40.0,3.1134
SYN-018,62.115,13.008,0.989,4.826,8.77,1.818,3.448,3.986,0.0,0.25,0.748,0.042,0.0,0,1150,915,1050,60.0,2.6617
SYN-018,62.115,13.008,0.989,4.826,8.77,1.818,3.448,3.986,0.0,0.25,0.748,0.042,0.0,0,1150,915,750,840.0,4.1894
SYN-018,62.115,13.008,0.989,4.826,8.77,1.818,3.448,3.986,0.0,0.25,0.748,0.042,0.0,0,1150,915,750,1290.0,3.0268
SYN-018,62.115,13.008,0.989,4.826,8.77,1.818,3.448,3.986,0.0,0.25,0.748,0.042,0.0,0,1150,915,1000,100.0,2.7314
SYN-018,62.115,13.008,0.989,4.826,8.77,1.818,3.448,3.986,0.0,0.25,0.748,0.042,0.0,0,1150,915,1000,180.0,2.0608
SYN-018,62.115,13.008,0.989,4.826,8.77,1.818,3.448,3.986,0.0,0.25,0.748,0.042,0.0,0,1150,915,1000,70.0,3.5465
SYN-018,62.115,13.008,0.989,4.826,8.77,1.818,3.448,3.986,0.0,0.25,0.748,0.042,0.0,0,1150,915,700,1300.0,4.0606
SYN-019,66.906,11.406,10.997,0.0,0.919,2.999,3.176,2.269,0.0,1.315,0.0,0.008,0.005,0,1177,937,900,160.0,2.7372
SYN-019,66.906,11.406,10.997,0.0,0.919,2.999,3.176,2.269,0.0,1.315,0.0,0.008,0.005,0,1177,937,900,60.0,4.0894
SYN-019,66.906,11.406,10.997,0.0,0.919,2.999,3.176,2.269,0.0,1.315,0.0,0.008,0.005,0,1177,937,700,1110.0,2.33
SYN-019,66.906,11.406,10.997,0.0,0.919,2.999,3.176,2.269,0.0,1.315,0.0,0.008,0.005,0,1177,937,700,920.0,3.0692
SYN-019,66.906,11.406,10.997,0.0,0.919,2.999,3.176,2.269,0.0,1.315,0.0,0.008,0.005,0,1177,937,850,330.0,2.3658
SYN-019,66.906,11.406,10.997,0.0,0.919,2.999,3.176,2.269,0.0,1.315,0.0,0.008,0.005,0,1177,937,1050,40.0,1.3052
SYN-019,66.906,11.406,10.997,0.0,0.919,2.999,3.176,2.269,0.0,1.315,0.0,0.008,0.005,0,1177,937,1050,40.0,1.3879
SYN-019,66.906,11.406,10.997,0.0,0.919,2.999,3.176,2.269,0.0,1.315,0.0,0.008,0.005,0,1177,937,1000,40.0,2.4789
SYN-019,66.906,11.406,10.997,0.0,0.919,2.999,3.176,2.269,0.0,1.315,0.0,0.008,0.005,0,1177,937,1000,60.0,2.1862
SYN-019,66.906,11.406,10.997,0.0,0.919,2.999,3.176,2.269,0.0,1.315,0.0,0.008,0.005,0,1177,937,1000,90.0,1.5935
SYN-020,54.575,10.892,13.055,1.631,7.08,1.585,4.78,3.067,2.011,0.0,1.186,0.138,0.0,0,1257,941,850,1300.0,2.2749
SYN-020,54.575,10.892,13.055,1.631,7.08,1.585,4.78,3.067,2.011,0.0,1.186,0.138,0.0,0,1257,941,900,700.0,2.4597
SYN-020,54.575,10.892,13.055,1.631,7.08,1.585,4.78,3.067,2.011,0.0,1.186,0.138,0.0,0,1257,941,900,570.0,2.98
SYN-020,54.575,10.892,13.055,1.631,7.08,1.585,4.78,3.067,2.011,0.0,1.186,0.138,0.0,0,1257,941,950,360.0,3.0106
SYN-020,54.575,10.892,13.055,1.631,7.08,1.585,4.78,3.067,2.011,0.0,1.186,0.138,0.0,0,1257,941,800,1120.0,3.7865
SYN-021,66.336,8.433,8.442,0.0,4.988,0.0,4.35,0.332,6.569,0.0,0.532,0.018,0.0,0,1192,1048,800,830.0,1.7415
SYN-021,66.336,8.433,8.442,0.0,4.988,0.0,4.35,0.332,6.569,0.0,0.532,0.018,0.0,0,1192,1048,800,420.0,3.1644
SYN-021,66.336,8.433,8.442,0.0,4.988,0.0,4.35,0.332,6.569,0.0,0.532,0.018,0.0,0,1192,1048,800,990.0,1.4034
SYN-021,66.336,8.433,8.442,0.0,4.988,0.0,4.35,0.332,6.569,0.0,0.532,0.018,0.0,0,1192,1048,1100,40.0,1.1628
SYN-021,66.336,8.433,8.442,0.0,4.988,0.0,4.35,0.332,6.569,0.0,0.532,0.018,0.0,0,1192,1048,950,40.0,4.0717
SYN-021,66.336,8.433,8.442,0.0,4.988,0.0,4.35,0.332,6.569,0.0,0.532,0.018,0.0,0,1192,1048,1050,40.0,2.1014
SYN-021,66.336,8.433,8.442,0.0,4.988,0.0,4.35,0.332,6.569,0.0,0.532,0.018,0.0,0,1192,1048,1050,80.0,1.4546
SYN-021,66.336,8.433,8.442,0.0,4.988,0.0,4.35,0.332,6.569,0.0,0.532,0.018,0.0,0,1192,1048,1050,40.0,2.1412
SYN-021,66.336,8.433,8.442,0.0,4.988,0.0,4.35,0.332,6.569,0.0,0.532,0.018,0.0,0,1192,1048,850,400.0,2.3105
SYN-022,59.019,3.261,6.942,1.173,8.006,4.903,6.308,3.779,6.474,0.0,0.123,0.012,0.0,1,1340,1063,1050,550.0,2.0354
SYN-022,59.019,3.261,6.942,1.173,8.006,4.903,6.308,3.779,6.474,0.0,0.123,0.012,0.0,1,1340,1063,950,1300.0,2.139
SYN-022,59.019,3.261,6.942,1.173,8.006,4.903,6.308,3.779,6.474,0.0,0.123,0.012,0.0,1,1340,1063,1000,940.0,2.2721
SYN-022,59.019,3.261,6.942,1.173,8.006,4.903,6.308,3.779,6.474,0.0,0.123,0.012,0.0,1,1340,1063,1000,380.0,3.8163
SYN-022,59.019,3.261,6.942,1.173,8.006,4.903,6.308,3.779,6.474,0.0,0.123,0.012,0.0,1,1340,1063,850,1200.0,4.7518
SYN-022,59.019,3.261,6.942,1.173,8.006,4.903,6.308,3.779,6.474,0.0,0.123,0.012,0.0,1,1340,1063,850,1280.0,4.2298
SYN-022,59.019,3.261,6.942,1.173,8.006,4.903,6.308,3.779,6.474,0.0,0.123,0.012,0.0,1,1340,1063,850,1300.0,4.4744
SYN-023,71.186,12.092,2.194,2.768,1.594,0.235,6.303,1.52,1.896,0.204,0.0,0.008,0.0,1,1272,909,700,1250.0,4.9499
SYN-023,71.186,12.092,2.194,2.768,1.594,0.235,6.303,1.52,1.896,0.204,0.0,0.008,0.0,1,1272,909,850,1240.0,1.6689
SYN-023,71.186,12.092,2.194,2.768,1.594,0.235,6.303,1.52,1.896,0.204,0.0,0.008,0.0,1,1272,909,850,750.0,2.8024
SYN-023,71.186,12.092,2.194,2.768,1.594,0.235,6.303,1.52,1.896,0.204,0.0,0.008,0.0,1,1272,909,1050,100.0,2.3783
SYN-023,71.186,12.092,2.194,2.768,1.594,0.235,6.303,1.52,1.896,0.204,0.0,0.008,0.0,1,1272,909,1050,60.0,3.4291
SYN-023,71.186,12.092,2.194,2.768,1.594,0.235,6.303,1.52,1.896,0.204,0.0,0.008,0.0,1,1272,909,1100,70.0,2.1211
SYN-023,71.186,12.092,2.194,2.768,1.594,0.235,6.303,1.52,1.896,0.204,0.0,0.008,0.0,1,1272,909,750,1250.0,3.8152
SYN-023,71.186,12.092,2.194,2.768,1.594,0.235,6.303,1.52,1.896,0.204,0.0,0.008,0.0,1,1272,909,750,1300.0,3.5533
SYN-023,71.186,12.092,2.194,2.768,1.594,0.235,6.303,1.52,1.896,0.204,0.0,0.008,0.0,1,1272,909,750,1260.0,3.738
SYN-024,69.888,10.868,0.0,1.704,1.907,0.017,3.481,3.83,6.246,1.981,0.0,0.062,0.016,0,1254,870,1050,70.0,2.7183
SYN-024,69.888,10.868,0.0,1.704,1.907,0.017,3.481,3.83,6.246,1.981,0.0,0.062,0.016,0,1254,870,1050,40.0,3.4534
SYN-024,69.888,10.868,0.0,1.704,1.907,0.017,3.481,3.83,6.246,1.981,0.0,0.062,0.016,0,1254,870,700,1300.0,4.5421
SYN-024,69.888,10.868,0.0,1.704,1.907,0.017,3.481,3.83,6.246,1.981,0.0,0.062,0.016,0,1254,870,700,1250.0,4.4636
SYN-024,69.888,10.868,0.0,1.704,1.907,0.017,3.481,3.83,6.246,1.981,0.0,0.062,0.016,0,1254,870,700,1300.0,4.4675
SYN-024,69.888,10.868,0.0,1.704,1.907,0.017,3.481,3.83,6.246,1.981,0.0,0.062,0.016,0,1254,870,900,440.0,2.3475
SYN-024,69.888,10.868,0.0,1.704,1.907,0.017,3.481,3.83,6.246,1.981,0.0,0.062,0.016,0,1254,870,900,560.0,2.1381
SYN-024,69.888,10.868,0.0,1.704,1.907,0.017,3.481,3.83,6.246,1.981,0.0,0.062,0.016,0,1254,870,900,170.0,4.48
SYN-024,69.888,10.868,0.0,1.704,1.907,0.017,3.481,3.83,6.246,1.981,0.0,0.062,0.016,0,1254,870,850,880.0,2.0513
SYN-024,69.888,10.868,0.0,1.704,1.907,0.017,3.481,3.83,6.246,1.981,0.0,0.062,0.016,0,1254,870,850,490.0,3.3617
SYN-024,69.888,10.868,0.0,1.704,1.907,0.017,3.481,3.83,6.246,1.981,0.0,0.062,0.016,0,1254,870,1100,60.0,1.9782
SYN-024,69.888,10.868,0.0,1.704,1.907,0.017,3.481,3.83,6.246,1.981,0.0,0.062,0.016,0,1254,870,1100,40.0,2.5795
SYN-024,69.888,10.868,0.0,1.704,1.907,0.017,3.481,3.83,6.246,1.981,0.0,0.062,0.016,0,1254,870,1100,40.0,2.5917
SYN-024,69.888,10.868,0.0,1.704,1.907,0.017,3.481,3.83,6.246,1.981,0.0,0.062,0.016,0,1254,870,750,1190.0,3.3101
SYN-024,69.888,10.868,0.0,1.704,1.907,0.017,3.481,3.83,6.246,1.981,0.0,0.062,0.016,0,1254,870,750,1040.0,3.9705
SYN-025,66.638,2.08,3.45,0.0,8.549,3.774,4.956,1.002,8.751,0.0,0.769,0.027,0.004,0,1243,899,800,1240.0,3.7066
SYN-025,66.638,2.08,3.45,0.0,8.549,3.774,4.956,1.002,8.751,0.0,0.769,0.027,0.004,0,1243,899,800,1200.0,3.7866
SYN-025,66.638,2.08,3.45,0.0,8.549,3.774,4.956,1.002,8.751,0.0,0.769,0.027,0.004,0,1243,899,800,1180.0,3.7952
SYN-025,66.638,2.08,3.45,0.0,8.549,3.774,4.956,1.002,8.751,0.0,0.769,0.027,0.004,0,1243,899,850,1010.0,3.1603
SYN-025,66.638,2.08,3.45,0.0,8.549,3.774,4.956,1.002,8.751,0.0,0.769,0.027,0.004,0,1243,899,850,750.0,3.8977
SYN-025,66.638,2.08,3.45,0.0,8.549,3.774,4.956,1.002,8.751,0.0,0.769,0.027,0.004,0,1243,899,750,1210.0,4.8888
SYN-025,66.638,2.08,3.45,0.0,8.549,3.774,4.956,1.002,8.751,0.0,0.769,0.027,0.004,0,1243,899,750,1260.0,4.7994
SYN-025,66.638,2.08,3.45,0.0,8.549,3.774,4.956,1.002,8.751,0.0,0.769,0.027,0.004,0,1243,899,750,1300.0,4.7926
SYN-025,66.638,2.08,3.45,0.0,8.549,3.774,4.956,1.002,8.751,0.0,0.769,0.027,0.004,0,1243,899,1000,630.0,1.2108
SYN-025,66.638,2.08,3.45,0.0,8.549,3.774,4.956,1.002,8.751,0.0,0.769,0.027,0.004,0,1243,899,1000,210.0,3.1733
SYN-025,66.638,2.08,3.45,0.0,8.549,3.774,4.956,1.002,8.751,0.0,0.769,0.027,0.004,0,1243,899,1000,330.0,2.4113
SYN-025,66.638,2.08,3.45,0.0,8.549,3.774,4.956,1.002,8.751,0.0,0.769,0.027,0.004,0,1243,899,900,840.0,2.5769
SYN-025,66.638,2.08,3.45,0.0,8.549,3.774,4.956,1.002,8.751,0.0,0.769,0.027,0.004,0,1243,899,900,1070.0,2.0714
SYN-025,66.638,2.08,3.45,0.0,8.549,3.774,4.956,1.002,8.751,0.0,0.769,0.027,0.004,0,1243,899,1050,360.0,1.5536
SYN-025,66.638,2.08,3.45,0.0,8.549,3.774,4.956,1.002,8.751,0.0,0.769,0.027,0.004,0,1243,899,1050,300.0,1.7236
SYN-025,66.638,2.08,3.45,0.0,8.549,3.774,4.956,1.002,8.751,0.0,0.769,0.027,0.004,0,1243,899,1050,210.0,2.5302
SYN-025,66.638,2.08,3.45,0.0,8.549,3.774,4.956,1.002,8.751,0.0,0.769,0.027,0.004,0,1243,899,950,1010.0,1.1516
SYN-025,66.638,2.08,3.45,0.0,8.549,3.774,4.956,1.002,8.751,0.0,0.769,0.027,0.004,0,1243,899,950,240.0,4.2647
SYN-026,69.913,4.341,9.925,0.0,7.597,0.0,3.061,0.0,5.146,0.0,0.0,0.0,0.017,0,1150,1026,750,1110.0,1.6288
SYN-026,69.913,4.341,9.925,0.0,7.597,0.0,3.061,0.0,5.146,0.0,0.0,0.0,0.017,0,1150,1026,1000,40.0,2.3976
SYN-026,69.913,4.341,9.925,0.0,7.597,0.0,3.061,0.0,5.146,0.0,0.0,0.0,0.017,0,1150,1026,1000,60.0,1.9227
SYN-026,69.913,4.341,9.925,0.0,7.597,0.0,3.061,0.0,5.146,0.0,0.0,0.0,0.017,0,1150,1026,850,260.0,2.5415
SYN-026,69.913,4.341,9.925,0.0,7.597,0.0,3.061,0.0,5.146,0.0,0.0,0.0,0.017,0,1150,1026,700,580.0,4.1402
SYN-026,69.913,4.341,9.925,0.0,7.597,0.0,3.061,0.0,5.146,0.0,0.0,0.0,0.017,0,1150,1026,700,780.0,3.3355
SYN-026,69.913,4.341,9.925,0.0,7.597,0.0,3.061,0.0,5.146,0.0,0.0,0.0,0.017,0,1150,1026,700,1230.0,2.1479
SYN-026,69.913,4.341,9.925,0.0,7.597,0.0,3.061,0.0,5.146,0.0,0.0,0.0,0.017,0,1150,1026,900,170.0,2.289
SYN-026,69.913,4.341,9.925,0.0,7.597,0.0,3.061,0.0,5.146,0.0,0.0,0.0,0.017,0,1150,1026,900,110.0,3.1453
SYN-026,69.913,4.341,9.925,0.0,7.597,0.0,3.061,0.0,5.146,0.0,0.0,0.0,0.017,0,1150,1026,900,80.0,3.7227
SYN-027,73.837,2.961,3.074,0.0,5.896,1.672,6.279,0.0,5.963,0.182,0.134,0.002,0.0,1,1285,901,750,1300.0,4.2459
SYN-027,73.837,2.961,3.074,0.0,5.896,1.672,6.279,0.0,5.963,0.182,0.134,0.002,0.0,1,1285,901,750,1300.0,4.3123
SYN-027,73.837,2.961,3.074,0.0,5.896,1.672,6.279,0.0,5.963,0.182,0.134,0.002,0.0,1,1285,901,750,1260.0,4.5698
SYN-027,73.837,2.961,3.074,0.0,5.896,1.672,6.279,0.0,5.963,0.182,0.134,0.002,0.0,1,1285,901,800,970.0,3.7199
SYN-027,73.837,2.961,3.074,0.0,5.896,1.672,6.279,0.0,5.963,0.182,0.134,0.002,0.0,1,1285,901,1000,360.0,1.9363
SYN-027,73.837,2.961,3.074,0.0,5.896,1.672,6.279,0.0,5.963,0.182,0.134,0.002,0.0,1,1285,901,1000,180.0,3.0273
SYN-027,73.837,2.961,3.074,0.0,5.896,1.672,6.279,0.0,5.963,0.182,0.134,0.002,0.0,1,1285,901,1000,310.0,2.4177
SYN-027,73.837,2.961,3.074,0.0,5.896,1.672,6.279,0.0,5.963,0.182,0.134,0.002,0.0,1,1285,901,950,440.0,2.6651
SYN-027,73.837,2.961,3.074,0.0,5.896,1.672,6.279,0.0,5.963,0.182,0.134,0.002,0.0,1,1285,901,950,180.0,4.2001
SYN-027,73.837,2.961,3.074,0.0,5.896,1.672,6.279,0.0,5.963,0.182,0.134,0.002,0.0,1,1285,901,950,630.0,1.9199
SYN-027,73.837,2.961,3.074,0.0,5.896,1.672,6.279,0.0,5.963,0.182,0.134,0.002,0.0,1,1285,901,1100,50.0,3.1537
SYN-027,73.837,2.961,3.074,0.0,5.896,1.672,6.279,0.0,5.963,0.182,0.134,0.002,0.0,1,1285,901,1100,40.0,3.3394
SYN-027,73.837,2.961,3.074,0.0,5.896,1.672,6.279,0.0,5.963,0.182,0.134,0.002,0.0,1,1285,901,1100,80.0,2.6097
SYN-027,73.837,2.961,3.074,0.0,5.896,1.672,6.279,0.0,5.963,0.182,0.134,0.002,0.0,1,1285,901,850,1300.0,2.0644
SYN-027,73.837,2.961,3.074,0.0,5.896,1.672,6.279,0.0,5.963,0.182,0.134,0.002,0.0,1,1285,901,850,710.0,3.4343
SYN-028,62.874,3.597,11.0,0.0,8.374,5.85,5.488,0.0,2.784,0.0,0.032,0.001,0.0,1,1230,1059,900,1020.0,2.4296
SYN-028,62.874,3.597,11.0,0.0,8.374,5.85,5.488,0.0,2.784,0.0,0.032,0.001,0.0,1,1230,1059,750,1300.0,4.975
SYN-028,62.874,3.597,11.0,0.0,8.374,5.85,5.488,0.0,2.784,0.0,0.032,0.001,0.0,1,1230,1059,1000,700.0,1.5098
SYN-028,62.874,3.597,11.0,0.0,8.374,5.85,5.488,0.0,2.784,0.0,0.032,0.001,0.0,1,1230,1059,1000,400.0,2.4298
SYN-028,62.874,3.597,11.0,0.0,8.374,5.85,5.488,0.0,2.784,0.0,0.032,0.001,0.0,1,1230,1059,850,820.0,3.8053
SYN-028,62.874,3.597,11.0,0.0,8.374,5.85,5.488,0.0,2.784,0.0,0.032,0.001,0.0,1,1230,1059,850,1300.0,2.8668
SYN-029,59.281,12.992,13.097,1.775,4.102,0.0,3.02,1.042,3.315,0.217,1.148,0.0,0.011,0,1190,872,800,370.0,3.2074
SYN-029,59.281,12.992,13.097,1.775,4.102,0.0,3.02,1.042,3.315,0.217,1.148,0.0,0.011,0,1190,872,750,720.0,2.8032
SYN-029,59.281,12.992,13.097,1.775,4.102,0.0,3.02,1.042,3.315,0.217,1.148,0.0,0.011,0,1190,872,750,450.0,3.7552
SYN-029,59.281,12.992,13.097,1.775,4.102,0.0,3.02,1.042,3.315,0.217,1.148,0.0,0.011,0,1190,872,750,1060.0,1.6279
SYN-029,59.281,12.992,13.097,1.775,4.102,0.0,3.02,1.042,3.315,0.217,1.148,0.0,0.011,0,1190,872,900,100.0,3.3088
SYN-029,59.281,12.992,13.097,1.775,4.102,0.0,3.02,1.042,3.315,0.217,1.148,0.0,0.011,0,1190,872,900,200.0,2.137
SYN-029,59.281,12.992,13.097,1.775,4.102,0.0,3.02,1.042,3.315,0.217,1.148,0.0,0.011,0,1190,872,900,80.0,3.3286
SYN-029,59.281,12.992,13.097,1.775,4.102,0.0,3.02,1.042,3.315,0.217,1.148,0.0,0.011,0,1190,872,850,320.0,2.0736
SYN-029,59.281,12.992,13.097,1.775,4.102,0.0,3.02,1.042,3.315,0.217,1.148,0.0,0.011,0,1190,872,850,160.0,3.5484
SYN-030,64.159,13.523,3.668,1.516,5.538,3.923,6.08,0.0,0.0,1.491,0.095,0.007,0.0,1,1184,1035,750,1220.0,4.4109
SYN-030,64.159,13.523,3.668,1.516,5.538,3.923,6.08,0.0,0.0,1.491,0.095,0.007,0.0,1,1184,1035,750,1230.0,4.4703
SYN-030,64.159,13.523,3.668,1.516,5.538,3.923,6.08,0.0,0.0,1.491,0.095,0.007,0.0,1,1184,1035,950,460.0,2.6853
SYN-030,64.159,13.523,3.668,1.516,5.538,3.923,6.08,0.0,0.0,1.491,0.095,0.007,0.0,1,1184,1035,950,270.0,3.4601
SYN-030,64.159,13.523,3.668,1.516,5.538,3.923,6.08,0.0,0.0,1.491,0.095,0.007,0.0,1,1184,1035,950,620.0,1.9842
SYN-030,64.159,13.523,3.668,1.516,5.538,3.923,6.08,0.0,0.0,1.491,0.095,0.007,0.0,1,1184,1035,800,1050.0,3.6317
SYN-030,64.159,13.523,3.668,1.516,5.538,3.923,6.08,0.0,0.0,1.491,0.095,0.007,0.0,1,1184,1035,1100,120.0,1.5591
SYN-030,64.159,13.523,3.668,1.516,5.538,3.923,6.08,0.0,0.0,1.491,0.095,0.007,0.0,1,1184,1035,1100,40.0,3.0004
SYN-030,64.159,13.523,3.668,1.516,5.538,3.923,6.08,0.0,0.0,1.491,0.095,0.007,0.0,1,1184,1035,1100,90.0,1.95
SYN-031,75.885,5.082,0.0,0.61,0.65,1.389,4.724,4.24,7.289,0.0,0.0,0.118,0.013,0,1340,987,750,1220.0,4.2006
SYN-031,75.885,5.082,0.0,0.61,0.65,1.389,4.724,4.24,7.289,0.0,0.0,0.118,0.013,0,1340,987,750,1270.0,4.2413
SYN-031,75.885,5.082,0.0,0.61,0.65,1.389,4.724,4.24,7.289,0.0,0.0,0.118,0.013,0,1340,987,950,800.0,1.141
SYN-031,75.885,5.082,0.0,0.61,0.65,1.389,4.724,4.24,7.289,0.0,0.0,0.118,0.013,0,1340,987,950,180.0,3.7883
SYN-031,75.885,5.082,0.0,0.61,0.65,1.389,4.724,4.24,7.289,0.0,0.0,0.118,0.013,0,1340,987,850,1250.0,1.8813
SYN-032,70.481,2.046,11.79,3.337,0.19,0.417,5.573,3.029,3.135,0.0,0.0,0.0,0.002,0,1204,917,1100,50.0,1.8621
SYN-032,70.481,2.046,11.79,3.337,0.19,0.417,5.573,3.029,3.135,0.0,0.0,0.0,0.002,0,1204,917,700,1180.0,4.2518
SYN-032,70.481,2.046,11.79,3.337,0.19,0.417,5.573,3.029,3.135,0.0,0.0,0.0,0.002,0,1204,917,950,90.0,4.0724
SYN-032,70.481,2.046,11.79,3.337,0.19,0.417,5.573,3.029,3.135,0.0,0.0,0.0,0.002,0,1204,917,800,530.0,3.9119
SYN-032,70.481,2.046,11.79,3.337,0.19,0.417,5.573,3.029,3.135,0.0,0.0,0.0,0.002,0,1204,917,800,750.0,3.0152
SYN-032,70.481,2.046,11.79,3.337,0.19,0.417,5.573,3.029,3.135,0.0,0.0,0.0,0.002,0,1204,917,800,1180.0,1.8819
SYN-032,70.481,2.046,11.79,3.337,0.19,0.417,5.573,3.029,3.135,0.0,0.0,0.0,0.002,0,1204,917,1000,100.0,2.8777
SYN-032,70.481,2.046,11.79,3.337,0.19,0.417,5.573,3.029,3.135,0.0,0.0,0.0,0.002,0,1204,917,1000,260.0,1.3156
SYN-032,70.481,2.046,11.79,3.337,0.19,0.417,5.573,3.029,3.135,0.0,0.0,0.0,0.002,0,1204,917,1000,60.0,3.5717
SYN-032,70.481,2.046,11.79,3.337,0.19,0.417,5.573,3.029,3.135,0.0,0.0,0.0,0.002,0,1204,917,1050,40.0,3.019
SYN-032,70.481,2.046,11.79,3.337,0.19,0.417,5.573,3.029,3.135,0.0,0.0,0.0,0.002,0,1204,917,1050,110.0,2.0954
SYN-032,70.481,2.046,11.79,3.337,0.19,0.417,5.573,3.029,3.135,0.0,0.0,0.0,0.002,0,1204,917,1050,50.0,3.0698
SYN-033,64.333,10.064,7.959,3.675,3.302,2.98,4.644,2.977,0.0,0.05,0.013,0.003,0.0,1,1176,971,900,280.0,4.1843
SYN-033,64.333,10.064,7.959,3.675,3.302,2.98,4.644,2.977,0.0,0.05,0.013,0.003,0.0,1,1176,971,900,380.0,3.4594
SYN-033,64.333,10.064,7.959,3.675,3.302,2.98,4.644,2.977,0.0,0.05,0.013,0.003,0.0,1,1176,971,900,810.0,1.9063
SYN-033,64.333,10.064,7.959,3.675,3.302,2.98,4.644,2.977,0.0,0.05,0.013,0.003,0.0,1,1176,971,800,1160.0,3.2241
SYN-033,64.333,10.064,7.959,3.675,3.302,2.98,4.644,2.977,0.0,0.05,0.013,0.003,0.0,1,1176,971,800,700.0,4.2078
SYN-033,64.333,10.064,7.959,3.675,3.302,2.98,4.644,2.977,0.0,0.05,0.013,0.003,0.0,1,1176,971,1050,50.0,3.4183
SYN-033,64.333,10.064,7.959,3.675,3.302,2.98,4.644,2.977,0.0,0.05,0.013,0.003,0.0,1,1176,971,950,670.0,1.5069
SYN-033,64.333,10.064,7.959,3.675,3.302,2.98,4.644,2.977,0.0,0.05,0.013,0.003,0.0,1,1176,971,950,400.0,2.4235
SYN-033,64.333,10.064,7.959,3.675,3.302,2.98,4.644,2.977,0.0,0.05,0.013,0.003,0.0,1,1176,971,950,200.0,3.7671
SYN-033,64.333,10.064,7.959,3.675,3.302,2.98,4.644,2.977,0.0,0.05,0.013,0.003,0.0,1,1176,971,850,1220.0,2.0491
SYN-033,64.333,10.064,7.959,3.675,3.302,2.98,4.644,2.977,0.0,0.05,0.013,0.003,0.0,1,1176,971,850,610.0,3.4423
SYN-033,64.333,10.064,7.959,3.675,3.302,2.98,4.644,2.977,0.0,0.05,0.013,0.003,0.0,1,1176,971,1100,40.0,2.3453
SYN-033,64.333,10.064,7.959,3.675,3.302,2.98,4.644,2.977,0.0,0.05,0.013,0.003,0.0,1,1176,971,1100,90.0,1.6131
SYN-034,74.805,12.81,0.0,0.919,1.972,3.44,3.979,1.09,0.985,0.0,0.0,0.0,0.0,1,1150,1081,900,90.0,3.9086
SYN-034,74.805,12.81,0.0,0.919,1.972,3.44,3.979,1.09,0.985,0.0,0.0,0.0,0.0,1,1150,1081,900,230.0,2.4806
SYN-034,74.805,12.81,0.0,0.919,1.972,3.44,3.979,1.09,0.985,0.0,0.0,0.0,0.0,1,1150,1081,900,130.0,3.4638
SYN-034,74.805,12.81,0.0,0.919,1.972,3.44,3.979,1.09,0.985,0.0,0.0,0.0,0.0,1,1150,1081,750,1300.0,1.7759
SYN-034,74.805,12.81,0.0,0.919,1.972,3.44,3.979,1.09,0.985,0.0,0.0,0.0,0.0,1,1150,1081,1050,40.0,2.1268
SYN-034,74.805,12.81,0.0,0.919,1.972,3.44,3.979,1.09,0.985,0.0,0.0,0.0,0.0,1,1150,1081,700,1130.0,3.196
SYN-034,74.805,12.81,0.0,0.919,1.972,3.44,3.979,1.09,0.985,0.0,0.0,0.0,0.0,1,1150,1081,800,700.0,2.2009
SYN-034,74.805,12.81,0.0,0.919,1.972,3.44,3.979,1.09,0.985,0.0,0.0,0.0,0.0,1,1150,1081,800,330.0,3.9859
SYN-034,74.805,12.81,0.0,0.919,1.972,3.44,3.979,1.09,0.985,0.0,0.0,0.0,0.0,1,1150,1081,1100,40.0,0.5235
SYN-035,64.294,6.041,14.736,0.0,5.303,0.663,3.664,3.439,0.661,0.765,0.287,0.145,0.002,0,1201,871,850,210.0,4.2062
SYN-035,64.294,6.041,14.736,0.0,5.303,0.663,3.664,3.439,0.661,0.765,0.287,0.145,0.002,0,1201,871,850,290.0,3.2624
SYN-035,64.294,6.041,14.736,0.0,5.303,0.663,3.664,3.439,0.661,0.765,0.287,0.145,0.002,0,1201,871,950,220.0,2.0872
SYN-035,64.294,6.041,14.736,0.0,5.303,0.663,3.664,3.439,0.661,0.765,0.287,0.145,0.002,0,1201,871,950,120.0,2.895
SYN-035,64.294,6.041,14.736,0.0,5.303,0.663,3.664,3.439,0.661,0.765,0.287,0.145,0.002,0,1201,871,1100,40.0,1.1752
SYN-035,64.294,6.041,14.736,0.0,5.303,0.663,3.664,3.439,0.661,0.765,0.287,0.145,0.002,0,1201,871,1100,40.0,0.9413
SYN-035,64.294,6.041,14.736,0.0,5.303,0.663,3.664,3.439,0.661,0.765,0.287,0.145,0.002,0,1201,871,1100,40.0,1.0077
SYN-035,64.294,6.041,14.736,0.0,5.303,0.663,3.664,3.439,0.661,0.765,0.287,0.145,0.002,0,1201,871,900,320.0,2.0566
SYN-035,64.294,6.041,14.736,0.0,5.303,0.663,3.664,3.439,0.661,0.765,0.287,0.145,0.002,0,1201,871,700,1260.0,3.4509
SYN-035,64.294,6.041,14.736,0.0,5.303,0.663,3.664,3.439,0.661,0.765,0.287,0.145,0.002,0,1201,871,700,1300.0,3.2136
SYN-035,64.294,6.041,14.736,0.0,5.303,0.663,3.664,3.439,0.661,0.765,0.287,0.145,0.002,0,1201,871,750,970.0,2.8497
SYN-035,64.294,6.041,14.736,0.0,5.303,0.663,3.664,3.439,0.661,0.765,0.287,0.145,0.002,0,1201,871,750,550.0,4.0835
SYN-035,64.294,6.041,14.736,0.0,5.303,0.663,3.664,3.439,0.661,0.765,0.287,0.145,0.002,0,1201,871,1050,90.0,1.3513
SYN-035,64.294,6.041,14.736,0.0,5.303,0.663,3.664,3.439,0.661,0.765,0.287,0.145,0.002,0,1201,871,1050,40.0,2.3634
SYN-035,64.294,6.041,14.736,0.0,5.303,0.663,3.664,3.439,0.661,0.765,0.287,0.145,0.002,0,1201,871,1050,40.0,2.3359
SYN-036,69.887,5.747,5.832,0.0,1.769,5.241,3.088,0.818,7.602,0.0,0.0,0.016,0.0,1,1220,855,1050,90.0,2.122
SYN-036,69.887,5.747,5.832,0.0,1.769,5.241,3.088,0.818,7.602,0.0,0.0,0.016,0.0,1,1220,855,1050,40.0,3.3371
SYN-036,69.887,5.747,5.832,0.0,1.769,5.241,3.088,0.818,7.602,0.0,0.0,0.016,0.0,1,1220,855,1050,40.0,3.1203
SYN-036,69.887,5.747,5.832,0.0,1.769,5.241,3.088,0.818,7.602,0.0,0.0,0.016,0.0,1,1220,855,900,150.0,4.1492
SYN-036,69.887,5.747,5.832,0.0,1.769,5.241,3.088,0.818,7.602,0.0,0.0,0.016,0.0,1,1220,855,900,420.0,2.2171
SYN-036,69.887,5.747,5.832,0.0,1.769,5.241,3.088,0.818,7.602,0.0,0.0,0.016,0.0,1,1220,855,1100,40.0,2.1679
SYN-036,69.887,5.747,5.832,0.0,1.769,5.241,3.088,0.818,7.602,0.0,0.0,0.016,0.0,1,1220,855,1100,40.0,2.3995
SYN-036,69.887,5.747,5.832,0.0,1.769,5.241,3.088,0.818,7.602,0.0,0.0,0.016,0.0,1,1220,855,1100,40.0,1.9889
SYN-036,69.887,5.747,5.832,0.0,1.769,5.241,3.088,0.818,7.602,0.0,0.0,0.016,0.0,1,1220,855,1000,60.0,3.4174
SYN-036,69.887,5.747,5.832,0.0,1.769,5.241,3.088,0.818,7.602,0.0,0.0,0.016,0.0,1,1220,855,1000,120.0,2.6553
SYN-036,69.887,5.747,5.832,0.0,1.769,5.241,3.088,0.818,7.602,0.0,0.0,0.016,0.0,1,1220,855,950,270.0,2.3106
SYN-036,69.887,5.747,5.832,0.0,1.769,5.241,3.088,0.818,7.602,0.0,0.0,0.016,0.0,1,1220,855,950,90.0,3.8343
SYN-036,69.887,5.747,5.832,0.0,1.769,5.241,3.088,0.818,7.602,0.0,0.0,0.016,0.0,1,1220,855,950,150.0,3.3104
SYN-037,78.802,8.271,0.0,1.107,2.674,0.0,3.91,2.32,1.005,1.561,0.262,0.075,0.013,0,1188,968,1100,40.0,0.8603
SYN-037,78.802,8.271,0.0,1.107,2.674,0.0,3.91,2.32,1.005,1.561,0.262,0.075,0.013,0,1188,968,1100,40.0,0.8689
SYN-037,78.802,8.271,0.0,1.107,2.674,0.0,3.91,2.32,1.005,1.561,0.262,0.075,0.013,0,1188,968,750,580.0,3.8637
SYN-037,78.802,8.271,0.0,1.107,2.674,0.0,3.91,2.32,1.005,1.561,0.262,0.075,0.013,0,1188,968,750,970.0,2.4809
SYN-037,78.802,8.271,0.0,1.107,2.674,0.0,3.91,2.32,1.005,1.561,0.262,0.075,0.013,0,1188,968,1000,70.0,2.5372
SYN-037,78.802,8.271,0.0,1.107,2.674,0.0,3.91,2.32,1.005,1.561,0.262,0.075,0.013,0,1188,968,1000,50.0,2.9353
SYN-037,78.802,8.271,0.0,1.107,2.674,0.0,3.91,2.32,1.005,1.561,0.262,0.075,0.013,0,1188,968,1000,40.0,3.3541
SYN-037,78.802,8.271,0.0,1.107,2.674,0.0,3.91,2.32,1.005,1.561,0.262,0.075,0.013,0,1188,968,900,330.0,1.8927
SYN-037,78.802,8.271,0.0,1.107,2.674,0.0,3.91,2.32,1.005,1.561,0.262,0.075,0.013,0,1188,968,900,130.0,3.4923
SYN-037,78.802,8.271,0.0,1.107,2.674,0.0,3.91,2.32,1.005,1.561,0.262,0.075,0.013,0,1188,968,850,190.0,3.9732
SYN-037,78.802,8.271,0.0,1.107,2.674,0.0,3.91,2.32,1.005,1.561,0.262,0.075,0.013,0,1188,968,850,650.0,1.5913
SYN-037,78.802,8.271,0.0,1.107,2.674,0.0,3.91,2.32,1.005,1.561,0.262,0.075,0.013,0,1188,968,850,320.0,3.1102
SYN-037,78.802,8.271,0.0,1.107,2.674,0.0,3.91,2.32,1.005,1.561,0.262,0.075,0.013,0,1188,968,1050,40.0,2.2032
SYN-037,78.802,8.271,0.0,1.107,2.674,0.0,3.91,2.32,1.005,1.561,0.262,0.075,0.013,0,1188,968,1050,40.0,2.2057
SYN-038,52.265,13.365,9.217,3.32,6.139,1.537,4.317,0.0,9.46,0.362,0.002,0.016,0.0,1,1224,1051,750,1300.0,4.1714
SYN-038,52.265,13.365,9.217,3.32,6.139,1.537,4.317,0.0,9.46,0.362,0.002,0.016,0.0,1,1224,1051,750,1300.0,4.0614
SYN-038,52.265,13.365,9.217,3.32,6.139,1.537,4.317,0.0,9.46,0.362,0.002,0.016,0.0,1,1224,1051,750,1300.0,4.1443
SYN-038,52.265,13.365,9.217,3.32,6.139,1.537,4.317,0.0,9.46,0.362,0.002,0.016,0.0,1,1224,1051,1000,130.0,3.6029
SYN-038,52.265,13.365,9.217,3.32,6.139,1.537,4.317,0.0,9.46,0.362,0.002,0.016,0.0,1,1224,1051,1000,170.0,3.079
SYN-038,52.265,13.365,9.217,3.32,6.139,1.537,4.317,0.0,9.46,0.362,0.002,0.016,0.0,1,1224,1051,1100,100.0,2.1322
SYN-038,52.265,13.365,9.217,3.32,6.139,1.537,4.317,0.0,9.46,0.362,0.002,0.016,0.0,1,1224,1051,1100,40.0,3.1985
SYN-038,52.265,13.365,9.217,3.32,6.139,1.537,4.317,0.0,9.46,0.362,0.002,0.016,0.0,1,1224,1051,1100,150.0,1.532
SYN-038,52.265,13.365,9.217,3.32,6.139,1.537,4.317,0.0,9.46,0.362,0.002,0.016,0.0,1,1224,1051,900,490.0,3.0497
SYN-038,52.265,13.365,9.217,3.32,6.139,1.537,4.317,0.0,9.46,0.362,0.002,0.016,0.0,1,1224,1051,900,320.0,4.1492
SYN-038,52.265,13.365,9.217,3.32,6.139,1.537,4.317,0.0,9.46,0.362,0.002,0.016,0.0,1,1224,1051,900,400.0,3.4901
SYN-038,52.265,13.365,9.217,3.32,6.139,1.537,4.317,0.0,9.46,0.362,0.002,0.016,0.0,1,1224,1051,800,960.0,3.6331
SYN-039,54.034,5.076,12.908,3.097,6.308,1.887,3.618,3.858,7.646,1.469,0.0,0.095,0.004,0,1271,988,1050,70.0,4.0834
SYN-039,54.034,5.076,12.908,3.097,6.308,1.887,3.618,3.858,7.646,1.469,0.0,0.095,0.004,0,1271,988,1050,370.0,1.715
SYN-039,54.034,5.076,12.908,3.097,6.308,1.887,3.618,3.858,7.646,1.469,0.0,0.095,0.004,0,1271,988,1000,280.0,2.8253
SYN-039,54.034,5.076,12.908,3.097,6.308,1.887,3.618,3.858,7.646,1.469,0.0,0.095,0.004,0,1271,988,1000,180.0,3.6231
SYN-039,54.034,5.076,12.908,3.097,6.308,1.887,3.618,3.858,7.646,1.469,0.0,0.095,0.004,0,1271,988,1000,150.0,4.0304
SYN-039,54.034,5.076,12.908,3.097,6.308,1.887,3.618,3.858,7.646,1.469,0.0,0.095,0.004,0,1271,988,950,620.0,2.331
SYN-039,54.034,5.076,12.908,3.097,6.308,1.887,3.618,3.858,7.646,1.469,0.0,0.095,0.004,0,1271,988,950,740.0,1.9234
SYN-039,54.034,5.076,12.908,3.097,6.308,1.887,3.618,3.858,7.646,1.469,0.0,0.095,0.004,0,1271,988,950,420.0,3.0985
SYN-039,54.034,5.076,12.908,3.097,6.308,1.887,3.618,3.858,7.646,1.469,0.0,0.095,0.004,0,1271,988,1100,40.0,4.0051
SYN-039,54.034,5.076,12.908,3.097,6.308,1.887,3.618,3.858,7.646,1.469,0.0,0.095,0.004,0,1271,988,1100,180.0,1.9471
SYN-039,54.034,5.076,12.908,3.097,6.308,1.887,3.618,3.858,7.646,1.469,0.0,0.095,0.004,0,1271,988,750,1300.0,4.749
SYN-039,54.034,5.076,12.908,3.097,6.308,1.887,3.618,3.858,7.646,1.469,0.0,0.095,0.004,0,1271,988,750,1300.0,4.8433
SYN-039,54.034,5.076,12.908,3.097,6.308,1.887,3.618,3.858,7.646,1.469,0.0,0.095,0.004,0,1271,988,750,1180.0,4.7851
SYN-039,54.034,5.076,12.908,3.097,6.308,1.887,3.618,3.858,7.646,1.469,0.0,0.095,0.004,0,1271,988,850,1290.0,2.7441
SYN-039,54.034,5.076,12.908,3.097,6.308,1.887,3.618,3.858,7.646,1.469,0.0,0.095,0.004,0,1271,988,850,1290.0,2.7406
SYN-039,54.034,5.076,12.908,3.097,6.308,1.887,3.618,3.858,7.646,1.469,0.0,0.095,0.004,0,1271,988,850,1240.0,2.6927
SYN-040,61.166,2.384,11.011,0.0,7.069,1.995,4.295,2.326,9.097,0.657,0.0,0.0,0.0,0,1256,884,1000,80.0,3.9468
SYN-040,61.166,2.384,11.011,0.0,7.069,1.995,4.295,2.326,9.097,0.657,0.0,0.0,0.0,0,1256,884,700,1200.0,4.9804
SYN-040,61.166,2.384,11.011,0.0,7.069,1.995,4.295,2.326,9.097,0.657,0.0,0.0,0.0,0,1256,884,700,1250.0,4.8725
SYN-040,61.166,2.384,11.011,0.0,7.069,1.995,4.295,2.326,9.097,0.657,0.0,0.0,0.0,0,1256,884,800,740.0,3.9867
SYN-040,61.166,2.384,11.011,0.0,7.069,1.995,4.295,2.326,9.097,0.657,0.0,0.0,0.0,0,1256,884,800,1300.0,2.7657
SYN-040,61.166,2.384,11.011,0.0,7.069,1.995,4.295,2.326,9.097,0.657,0.0,0.0,0.0,0,1256,884,750,1300.0,3.4837
SYN-040,61.166,2.384,11.011,0.0,7.069,1.995,4.295,2.326,9.097,0.657,0.0,0.0,0.0,0,1256,884,750,1230.0,3.9718
SYN-040,61.166,2.384,11.011,0.0,7.069,1.995,4.295,2.326,9.097,0.657,0.0,0.0,0.0,0,1256,884,900,700.0,1.9995
SYN-040,61.166,2.384,11.011,0.0,7.069,1.995,4.295,2.326,9.097,0.657,0.0,0.0,0.0,0,1256,884,1100,40.0,2.928
SYN-040,61.166,2.384,11.011,0.0,7.069,1.995,4.295,2.326,9.097,0.657,0.0,0.0,0.0,0,1256,884,1100,130.0,1.4938
SYN-040,61.166,2.384,11.011,0.0,7.069,1.995,4.295,2.326,9.097,0.657,0.0,0.0,0.0,0,1256,884,1100,80.0,1.9317
SYN-040,61.166,2.384,11.011,0.0,7.069,1.995,4.295,2.326,9.097,0.657,0.0,0.0,0.0,0,1256,884,850,710.0,2.9121
SYN-040,61.166,2.384,11.011,0.0,7.069,1.995,4.295,2.326,9.097,0.657,0.0,0.0,0.0,0,1256,884,850,440.0,4.0585
SYN-041,70.84,13.794,0.0,2.371,6.056,0.347,5.762,0.0,0.0,0.744,0.07,0.016,0.0,1,1186,851,1050,40.0,2.58
SYN-041,70.84,13.794,0.0,2.371,6.056,0.347,5.762,0.0,0.0,0.744,0.07,0.016,0.0,1,1186,851,1050,50.0,2.4251
SYN-041,70.84,13.794,0.0,2.371,6.056,0.347,5.762,0.0,0.0,0.744,0.07,0.016,0.0,1,1186,851,1100,40.0,1.3489
SYN-041,70.84,13.794,0.0,2.371,6.056,0.347,5.762,0.0,0.0,0.744,0.07,0.016,0.0,1,1186,851,1100,40.0,1.213
SYN-041,70.84,13.794,0.0,2.371,6.056,0.347,5.762,0.0,0.0,0.744,0.07,0.016,0.0,1,1186,851,800,640.0,3.0088
SYN-041,70.84,13.794,0.0,2.371,6.056,0.347,5.762,0.0,0.0,0.744,0.07,0.016,0.0,1,1186,851,800,400.0,3.9775
SYN-041,70.84,13.794,0.0,2.371,6.056,0.347,5.762,0.0,0.0,0.744,0.07,0.016,0.0,1,1186,851,850,250.0,3.9753
SYN-041,70.84,13.794,0.0,2.371,6.056,0.347,5.762,0.0,0.0,0.744,0.07,0.016,0.0,1,1186,851,850,860.0,1.2495
SYN-041,70.84,13.794,0.0,2.371,6.056,0.347,5.762,0.0,0.0,0.744,0.07,0.016,0.0,1,1186,851,700,1200.0,3.8185
SYN-041,70.84,13.794,0.0,2.371,6.056,0.347,5.762,0.0,0.0,0.744,0.07,0.016,0.0,1,1186,851,750,900.0,3.5677
SYN-041,70.84,13.794,0.0,2.371,6.056,0.347,5.762,0.0,0.0,0.744,0.07,0.016,0.0,1,1186,851,750,920.0,3.2676
SYN-041,70.84,13.794,0.0,2.371,6.056,0.347,5.762,0.0,0.0,0.744,0.07,0.016,0.0,1,1186,851,900,400.0,1.8968
SYN-042,68.63,3.387,0.0,0.0,4.095,2.65,5.872,4.136,9.672,1.558,0.0,0.0,0.0,0,1340,1028,1050,230.0,2.0487
SYN-042,68.63,3.387,0.0,0.0,4.095,2.65,5.872,4.136,9.672,1.558,0.0,0.0,0.0,0,1340,1028,1050,140.0,2.5263
SYN-042,68.63,3.387,0.0,0.0,4.095,2.65,5.872,4.136,9.672,1.558,0.0,0.0,0.0,0,1340,1028,850,680.0,3.4843
SYN-042,68.63,3.387,0.0,0.0,4.095,2.65,5.872,4.136,9.672,1.558,0.0,0.0,0.0,0,1340,1028,850,1130.0,2.2711
SYN-042,68.63,3.387,0.0,0.0,4.095,2.65,5.872,4.136,9.672,1.558,0.0,0.0,0.0,0,1340,1028,1100,50.0,3.1697
SYN-042,68.63,3.387,0.0,0.0,4.095,2.65,5.872,4.136,9.672,1.558,0.0,0.0,0.0,0,1340,1028,1100,40.0,3.4162
SYN-042,68.63,3.387,0.0,0.0,4.095,2.65,5.872,4.136,9.672,1.558,0.0,0.0,0.0,0,1340,1028,900,1090.0,1.5106
SYN-042,68.63,3.387,0.0,0.0,4.095,2.65,5.872,4.136,9.672,1.558,0.0,0.0,0.0,0,1340,1028,900,410.0,3.3323
SYN-042,68.63,3.387,0.0,0.0,4.095,2.65,5.872,4.136,9.672,1.558,0.0,0.0,0.0,0,1340,1028,800,1190.0,3.3778
SYN-042,68.63,3.387,0.0,0.0,4.095,2.65,5.872,4.136,9.672,1.558,0.0,0.0,0.0,0,1340,1028,800,1230.0,3.3104
SYN-042,68.63,3.387,0.0,0.0,4.095,2.65,5.872,4.136,9.672,1.558,0.0,0.0,0.0,0,1340,1028,800,1250.0,3.1451
SYN-043,73.42,13.228,0.0,0.25,2.176,0.0,3.698,0.0,6.229,0.989,0.0,0.01,0.0,1,1162,1024,1100,40.0,0.6939
SYN-043,73.42,13.228,0.0,0.25,2.176,0.0,3.698,0.0,6.229,0.989,0.0,0.01,0.0,1,1162,1024,700,1280.0,2.2633
SYN-043,73.42,13.228,0.0,0.25,2.176,0.0,3.698,0.0,6.229,0.989,0.0,0.01,0.0,1,1162,1024,1000,100.0,1.4953
SYN-043,73.42,13.228,0.0,0.25,2.176,0.0,3.698,0.0,6.229,0.989,0.0,0.01,0.0,1,1162,1024,1000,40.0,2.605
SYN-043,73.42,13.228,0.0,0.25,2.176,0.0,3.698,0.0,6.229,0.989,0.0,0.01,0.0,1,1162,1024,1000,40.0,2.5744
SYN-043,73.42,13.228,0.0,0.25,2.176,0.0,3.698,0.0,6.229,0.989,0.0,0.01,0.0,1,1162,1024,900,90.0,3.4436
SYN-043,73.42,13.228,0.0,0.25,2.176,0.0,3.698,0.0,6.229,0.989,0.0,0.01,0.0,1,1162,1024,750,370.0,4.0521
SYN-043,73.42,13.228,0.0,0.25,2.176,0.0,3.698,0.0,6.229,0.989,0.0,0.01,0.0,1,1162,1024,750,830.0,2.3017
SYN-043,73.42,13.228,0.0,0.25,2.176,0.0,3.698,0.0,6.229,0.989,0.0,0.01,0.0,1,1162,1024,850,320.0,2.2727
SYN-043,73.42,13.228,0.0,0.25,2.176,0.0,3.698,0.0,6.229,0.989,0.0,0.01,0.0,1,1162,1024,850,510.0,1.2109
SYN-044,71.097,10.146,0.0,0.0,3.606,1.432,3.229,1.661,7.699,1.105,0.025,0.0,0.0,1,1220,861,900,180.0,3.5934
SYN-044,71.097,10.146,0.0,0.0,3.606,1.432,3.229,1.661,7.699,1.105,0.025,0.0,0.0,1,1220,861,950,350.0,1.3624
SYN-044,71.097,10.146,0.0,0.0,3.606,1.432,3.229,1.661,7.699,1.105,0.025,0.0,0.0,1,1220,861,850,540.0,2.2282
SYN-044,71.097,10.146,0.0,0.0,3.606,1.432,3.229,1.661,7.699,1.105,0.025,0.0,0.0,1,1220,861,850,730.0,1.6316
SYN-044,71.097,10.146,0.0,0.0,3.606,1.432,3.229,1.661,7.699,1.105,0.025,0.0,0.0,1,1220,861,850,310.0,3.2786
SYN-044,71.097,10.146,0.0,0.0,3.606,1.432,3.229,1.661,7.699,1.105,0.025,0.0,0.0,1,1220,861,700,1300.0,3.3047
SYN-045,70.463,2.115,7.154,0.0,5.294,0.0,6.105,0.826,6.682,1.307,0.0,0.036,0.018,0,1298,853,1050,60.0,3.5059
SYN-045,70.463,2.115,7.154,0.0,5.294,0.0,6.105,0.826,6.682,1.307,0.0,0.036,0.018,0,1298,853,850,1300.0,1.7252
SYN-045,70.463,2.115,7.154,0.0,5.294,0.0,6.105,0.826,6.682,1.307,0.0,0.036,0.018,0,1298,853,850,620.0,3.2019
SYN-045,70.463,2.115,7.154,0.0,5.294,0.0,6.105,0.826,6.682,1.307,0.0,0.036,0.018,0,1298,853,750,1300.0,3.9696
SYN-045,70.463,2.115,7.154,0.0,5.294,0.0,6.105,0.826,6.682,1.307,0.0,0.036,0.018,0,1298,853,750,1270.0,3.9451
SYN-045,70.463,2.115,7.154,0.0,5.294,0.0,6.105,0.826,6.682,1.307,0.0,0.036,0.018,0,1298,853,750,1300.0,3.8719
SYN-045,70.463,2.115,7.154,0.0,5.294,0.0,6.105,0.826,6.682,1.307,0.0,0.036,0.018,0,1298,853,900,350.0,3.5699
SYN-045,70.463,2.115,7.154,0.0,5.294,0.0,6.105,0.826,6.682,1.307,0.0,0.036,0.018,0,1298,853,900,430.0,3.2386
SYN-046,65.868,7.984,5.849,2.573,4.433,2.823,4.484,3.158,2.763,0.0,0.065,0.0,0.0,1,1206,982,1000,360.0,1.9592
SYN-046,65.868,7.984,5.849,2.573,4.433,2.823,4.484,3.158,2.763,0.0,0.065,0.0,0.0,1,1206,982,1000,480.0,1.3745
SYN-046,65.868,7.984,5.849,2.573,4.433,2.823,4.484,3.158,2.763,0.0,0.065,0.0,0.0,1,1206,982,900,310.0,4.2326
SYN-046,65.868,7.984,5.849,2.573,4.433,2.823,4.484,3.158,2.763,0.0,0.065,0.0,0.0,1,1206,982,900,420.0,3.7178
SYN-046,65.868,7.984,5.849,2.573,4.433,2.823,4.484,3.158,2.763,0.0,0.065,0.0,0.0,1,1206,982,1050,50.0,4.0988
SYN-046,65.868,7.984,5.849,2.573,4.433,2.823,4.484,3.158,2.763,0.0,0.065,0.0,0.0,1,1206,982,1050,190.0,1.9951
SYN-046,65.868,7.984,5.849,2.573,4.433,2.823,4.484,3.158,2.763,0.0,0.065,0.0,0.0,1,1206,982,1100,50.0,2.8769
SYN-046,65.868,7.984,5.849,2.573,4.433,2.823,4.484,3.158,2.763,0.0,0.065,0.0,0.0,1,1206,982,1100,70.0,2.7052
SYN-046,65.868,7.984,5.849,2.573,4.433,2.823,4.484,3.158,2.763,0.0,0.065,0.0,0.0,1,1206,982,1100,150.0,1.6405
SYN-047,55.555,5.275,11.358,3.756,8.282,0.0,3.778,2.844,9.102,0.0,0.0,0.031,0.019,0,1260,927,800,1300.0,3.204
SYN-047,55.555,5.275,11.358,3.756,8.282,0.0,3.778,2.844,9.102,0.0,0.0,0.031,0.019,0,1260,927,800,1260.0,3.667
SYN-047,55.555,5.275,11.358,3.756,8.282,0.0,3.778,2.844,9.102,0.0,0.0,0.031,0.019,0,1260,927,800,1240.0,3.6971
SYN-047,55.555,5.275,11.358,3.756,8.282,0.0,3.778,2.844,9.102,0.0,0.0,0.031,0.019,0,1260,927,1100,40.0,3.6322
SYN-047,55.555,5.275,11.358,3.756,8.282,0.0,3.778,2.844,9.102,0.0,0.0,0.031,0.019,0,1260,927,1100,150.0,1.8589
SYN-047,55.555,5.275,11.358,3.756,8.282,0.0,3.778,2.844,9.102,0.0,0.0,0.031,0.019,0,1260,927,1100,60.0,3.193
SYN-047,55.555,5.275,11.358,3.756,8.282,0.0,3.778,2.844,9.102,0.0,0.0,0.031,0.019,0,1260,927,850,870.0,3.2624
SYN-047,55.555,5.275,11.358,3.756,8.282,0.0,3.778,2.844,9.102,0.0,0.0,0.031,0.019,0,1260,927,850,1280.0,2.2833
SYN-047,55.555,5.275,11.358,3.756,8.282,0.0,3.778,2.844,9.102,0.0,0.0,0.031,0.019,0,1260,927,1000,530.0,1.4912
SYN-048,69.989,3.197,0.0,0.0,8.832,3.655,5.173,1.908,6.72,0.487,0.039,0.0,0.0,1,1278,930,850,1230.0,3.4352
SYN-048,69.989,3.197,0.0,0.0,8.832,3.655,5.173,1.908,6.72,0.487,0.039,0.0,0.0,1,1278,930,850,1280.0,3.3324
SYN-048,69.989,3.197,0.0,0.0,8.832,3.655,5.173,1.908,6.72,0.487,0.039,0.0,0.0,1,1278,930,950,630.0,2.9942
SYN-048,69.989,3.197,0.0,0.0,8.832,3.655,5.173,1.908,6.72,0.487,0.039,0.0,0.0,1,1278,930,900,900.0,3.0836
SYN-048,69.989,3.197,0.0,0.0,8.832,3.655,5.173,1.908,6.72,0.487,0.039,0.0,0.0,1,1278,930,800,1300.0,4.4794
SYN-048,69.989,3.197,0.0,0.0,8.832,3.655,5.173,1.908,6.72,0.487,0.039,0.0,0.0,1,1278,930,800,1240.0,4.3242
SYN-049,49.362,5.188,13.688,4.001,8.993,4.936,5.817,0.0,7.656,0.333,0.0,0.007,0.019,0,1319,989,1050,190.0,4.0867
SYN-049,49.362,5.188,13.688,4.001,8.993,4.936,5.817,0.0,7.656,0.333,0.0,0.007,0.019,0,1319,989,900,1020.0,3.8906
SYN-049,49.362,5.188,13.688,4.001,8.993,4.936,5.817,0.0,7.656,0.333,0.0,0.007,0.019,0,1319,989,900,1100.0,3.6625
SYN-049,49.362,5.188,13.688,4.001,8.993,4.936,5.817,0.0,7.656,0.333,0.0,0.007,0.019,0,1319,989,900,1300.0,3.3368
SYN-049,49.362,5.188,13.688,4.001,8.993,4.936,5.817,0.0,7.656,0.333,0.0,0.007,0.019,0,1319,989,850,1300.0,4.4387
SYN-049,49.362,5.188,13.688,4.001,8.993,4.936,5.817,0.0,7.656,0.333,0.0,0.007,0.019,0,1319,989,950,1290.0,2.2159
SYN-049,49.362,5.188,13.688,4.001,8.993,4.936,5.817,0.0,7.656,0.333,0.0,0.007,0.019,0,1319,989,950,630.0,3.8901
SYN-049,49.362,5.188,13.688,4.001,8.993,4.936,5.817,0.0,7.656,0.333,0.0,0.007,0.019,0,1319,989,950,830.0,3.3155
SYN-050,70.974,2.077,0.0,1.507,4.227,2.874,4.639,4.085,9.182,0.0,0.431,0.0,0.004,0,1340,927,850,1130.0,2.5468
SYN-050,70.974,2.077,0.0,1.507,4.227,2.874,4.639,4.085,9.182,0.0,0.431,0.0,0.004,0,1340,927,850,1270.0,2.562
SYN-050,70.974,2.077,0.0,1.507,4.227,2.874,4.639,4.085,9.182,0.0,0.431,0.0,0.004,0,1340,927,850,730.0,3.8069
SYN-050,70.974,2.077,0.0,1.507,4.227,2.874,4.639,4.085,9.182,0.0,0.431,0.0,0.004,0,1340,927,800,1190.0,3.6212
SYN-050,70.974,2.077,0.0,1.507,4.227,2.874,4.639,4.085,9.182,0.0,0.431,0.0,0.004,0,1340,927,1100,40.0,3.7426
SYN-050,70.974,2.077,0.0,1.507,4.227,2.874,4.639,4.085,9.182,0.0,0.431,0.0,0.004,0,1340,927,1100,210.0,1.6417
SYN-050,70.974,2.077,0.0,1.507,4.227,2.874,4.639,4.085,9.182,0.0,0.431,0.0,0.004,0,1340,927,1000,530.0,1.4576
SYN-050,70.974,2.077,0.0,1.507,4.227,2.874,4.639,4.085,9.182,0.0,0.431,0.0,0.004,0,1340,927,1000,180.0,3.2284
SYN-050,70.974,2.077,0.0,1.507,4.227,2.874,4.639,4.085,9.182,0.0,0.431,0.0,0.004,0,1340,927,750,1300.0,4.5815
SYN-050,70.974,2.077,0.0,1.507,4.227,2.874,4.639,4.085,9.182,0.0,0.431,0.0,0.004,0,1340,927,750,1300.0,4.5799
SYN-051,66.092,13.487,3.092,0.567,3.523,0.0,4.278,0.0,7.915,0.0,0.899,0.128,0.019,0,1222,959,750,1240.0,2.9893
SYN-051,66.092,13.487,3.092,0.567,3.523,0.0,4.278,0.0,7.915,0.0,0.899,0.128,0.019,0,1222,959,750,1030.0,3.5529
SYN-051,66.092,13.487,3.092,0.567,3.523,0.0,4.278,0.0,7.915,0.0,0.899,0.128,0.019,0,1222,959,850,450.0,3.0775
SYN-051,66.092,13.487,3.092,0.567,3.523,0.0,4.278,0.0,7.915,0.0,0.899,0.128,0.019,0,1222,959,850,1020.0,1.5106
SYN-051,66.092,13.487,3.092,0.567,3.523,0.0,4.278,0.0,7.915,0.0,0.899,0.128,0.019,0,1222,959,850,540.0,2.9887
SYN-051,66.092,13.487,3.092,0.567,3.523,0.0,4.278,0.0,7.915,0.0,0.899,0.128,0.019,0,1222,959,1050,150.0,1.4713
SYN-051,66.092,13.487,3.092,0.567,3.523,0.0,4.278,0.0,7.915,0.0,0.899,0.128,0.019,0,1222,959,1050,80.0,2.3969
SYN-051,66.092,13.487,3.092,0.567,3.523,0.0,4.278,0.0,7.915,0.0,0.899,0.128,0.019,0,1222,959,1050,40.0,3.2179
SYN-051,66.092,13.487,3.092,0.567,3.523,0.0,4.278,0.0,7.915,0.0,0.899,0.128,0.019,0,1222,959,900,670.0,1.3719
SYN-051,66.092,13.487,3.092,0.567,3.523,0.0,4.278,0.0,7.915,0.0,0.899,0.128,0.019,0,1222,959,900,380.0,2.5024
SYN-051,66.092,13.487,3.092,0.567,3.523,0.0,4.278,0.0,7.915,0.0,0.899,0.128,0.019,0,1222,959,900,170.0,3.9944
SYN-051,66.092,13.487,3.092,0.567,3.523,0.0,4.278,0.0,7.915,0.0,0.899,0.128,0.019,0,1222,959,700,1300.0,4.3636
SYN-051,66.092,13.487,3.092,0.567,3.523,0.0,4.278,0.0,7.915,0.0,0.899,0.128,0.019,0,1222,959,700,1170.0,4.4356
SYN-051,66.092,13.487,3.092,0.567,3.523,0.0,4.278,0.0,7.915,0.0,0.899,0.128,0.019,0,1222,959,700,1300.0,4.1692
SYN-051,66.092,13.487,3.092,0.567,3.523,0.0,4.278,0.0,7.915,0.0,0.899,0.128,0.019,0,1222,959,1000,170.0,2.0601
SYN-051,66.092,13.487,3.092,0.567,3.523,0.0,4.278,0.0,7.915,0.0,0.899,0.128,0.019,0,1222,959,1100,50.0,1.9509
SYN-052,47.95,11.032,8.038,3.739,8.071,0.016,6.265,3.959,9.331,1.537,0.058,0.004,0.0,1,1340,1061,950,1150.0,1.6469
SYN-052,47.95,11.032,8.038,3.739,8.071,0.016,6.265,3.959,9.331,1.537,0.058,0.004,0.0,1,1340,1061,950,720.0,2.6066
SYN-052,47.95,11.032,8.038,3.739,8.071,0.016,6.265,3.959,9.331,1.537,0.058,0.004,0.0,1,1340,1061,950,490.0,3.4307
SYN-052,47.95,11.032,8.038,3.739,8.071,0.016,6.265,3.959,9.331,1.537,0.058,0.004,0.0,1,1340,1061,1000,500.0,2.4662
SYN-052,47.95,11.032,8.038,3.739,8.071,0.016,6.265,3.959,9.331,1.537,0.058,0.004,0.0,1,1340,1061,1000,260.0,3.5411
SYN-052,47.95,11.032,8.038,3.739,8.071,0.016,6.265,3.959,9.331,1.537,0.058,0.004,0.0,1,1340,1061,1000,180.0,4.2429
SYN-052,47.95,11.032,8.038,3.739,8.071,0.016,6.265,3.959,9.331,1.537,0.058,0.004,0.0,1,1340,1061,1100,70.0,3.4194
SYN-052,47.95,11.032,8.038,3.739,8.071,0.016,6.265,3.959,9.331,1.537,0.058,0.004,0.0,1,1340,1061,1050,360.0,1.9298
SYN-053,66.978,3.922,8.961,4.162,2.931,1.813,3.523,0.0,7.708,0.0,0.0,0.0,0.002,0,1150,953,800,310.0,3.7523
SYN-053,66.978,3.922,8.961,4.162,2.931,1.813,3.523,0.0,7.708,0.0,0.0,0.0,0.002,0,1150,953,800,370.0,3.629
SYN-053,66.978,3.922,8.961,4.162,2.931,1.813,3.523,0.0,7.708,0.0,0.0,0.0,0.002,0,1150,953,950,40.0,4.1085
SYN-053,66.978,3.922,8.961,4.162,2.931,1.813,3.523,0.0,7.708,0.0,0.0,0.0,0.002,0,1150,953,700,1130.0,3.1719
SYN-053,66.978,3.922,8.961,4.162,2.931,1.813,3.523,0.0,7.708,0.0,0.0,0.0,0.002,0,1150,953,700,1300.0,2.8588
SYN-053,66.978,3.922,8.961,4.162,2.931,1.813,3.523,0.0,7.708,0.0,0.0,0.0,0.002,0,1150,953,700,1300.0,2.9034
SYN-053,66.978,3.922,8.961,4.162,2.931,1.813,3.523,0.0,7.708,0.0,0.0,0.0,0.002,0,1150,953,900,280.0,2.1263
SYN-053,66.978,3.922,8.961,4.162,2.931,1.813,3.523,0.0,7.708,0.0,0.0,0.0,0.002,0,1150,953,900,80.0,4.2721
SYN-053,66.978,3.922,8.961,4.162,2.931,1.813,3.523,0.0,7.708,0.0,0.0,0.0,0.002,0,1150,953,850,150.0,4.4402
SYN-053,66.978,3.922,8.961,4.162,2.931,1.813,3.523,0.0,7.708,0.0,0.0,0.0,0.002,0,1150,953,850,350.0,2.6169
SYN-053,66.978,3.922,8.961,4.162,2.931,1.813,3.523,0.0,7.708,0.0,0.0,0.0,0.002,0,1150,953,1050,70.0,1.7008
SYN-054,70.843,9.469,0.0,1.249,7.858,0.0,4.162,2.21,2.738,1.453,0.013,0.005,0.0,1,1217,1047,700,1300.0,4.209
SYN-054,70.843,9.469,0.0,1.249,7.858,0.0,4.162,2.21,2.738,1.453,0.013,0.005,0.0,1,1217,1047,700,1300.0,4.2937
SYN-054,70.843,9.469,0.0,1.249,7.858,0.0,4.162,2.21,2.738,1.453,0.013,0.005,0.0,1,1217,1047,700,1300.0,4.2561
SYN-054,70.843,9.469,0.0,1.249,7.858,0.0,4.162,2.21,2.738,1.453,0.013,0.005,0.0,1,1217,1047,1100,50.0,1.8615
SYN-054,70.843,9.469,0.0,1.249,7.858,0.0,4.162,2.21,2.738,1.453,0.013,0.005,0.0,1,1217,1047,1100,40.0,1.8839
SYN-054,70.843,9.469,0.0,1.249,7.858,0.0,4.162,2.21,2.738,1.453,0.013,0.005,0.0,1,1217,1047,1100,70.0,1.456
SYN-054,70.843,9.469,0.0,1.249,7.858,0.0,4.162,2.21,2.738,1.453,0.013,0.005,0.0,1,1217,1047,750,1300.0,2.9801
SYN-054,70.843,9.469,0.0,1.249,7.858,0.0,4.162,2.21,2.738,1.453,0.013,0.005,0.0,1,1217,1047,750,1250.0,3.0544
SYN-054,70.843,9.469,0.0,1.249,7.858,0.0,4.162,2.21,2.738,1.453,0.013,0.005,0.0,1,1217,1047,1050,60.0,2.7788
SYN-054,70.843,9.469,0.0,1.249,7.858,0.0,4.162,2.21,2.738,1.453,0.013,0.005,0.0,1,1217,1047,1050,80.0,2.3908
SYN-054,70.843,9.469,0.0,1.249,7.858,0.0,4.162,2.21,2.738,1.453,0.013,0.005,0.0,1,1217,1047,1050,120.0,1.855
SYN-054,70.843,9.469,0.0,1.249,7.858,0.0,4.162,2.21,2.738,1.453,0.013,0.005,0.0,1,1217,1047,950,320.0,2.1177
SYN-055,55.375,15.546,9.305,3.117,3.267,5.943,3.639,2.517,0.0,0.0,1.22,0.066,0.005,0,1150,1047,700,1240.0,4.7929
SYN-055,55.375,15.546,9.305,3.117,3.267,5.943,3.639,2.517,0.0,0.0,1.22,0.066,0.005,0,1150,1047,1000,320.0,1.4463
SYN-055,55.375,15.546,9.305,3.117,3.267,5.943,3.639,2.517,0.0,0.0,1.22,0.066,0.005,0,1150,1047,1000,120.0,3.1609
SYN-055,55.375,15.546,9.305,3.117,3.267,5.943,3.639,2.517,0.0,0.0,1.22,0.066,0.005,0,1150,1047,1000,250.0,2.0562
SYN-055,55.375,15.546,9.305,3.117,3.267,5.943,3.639,2.517,0.0,0.0,1.22,0.066,0.005,0,1150,1047,800,950.0,3.1894
SYN-055,55.375,15.546,9.305,3.117,3.267,5.943,3.639,2.517,0.0,0.0,1.22,0.066,0.005,0,1150,1047,1050,180.0,1.4652
SYN-055,55.375,15.546,9.305,3.117,3.267,5.943,3.639,2.517,0.0,0.0,1.22,0.066,0.005,0,1150,1047,950,420.0,1.8983
SYN-055,55.375,15.546,9.305,3.117,3.267,5.943,3.639,2.517,0.0,0.0,1.22,0.066,0.005,0,1150,1047,950,190.0,3.5855
SYN-055,55.375,15.546,9.305,3.117,3.267,5.943,3.639,2.517,0.0,0.0,1.22,0.066,0.005,0,1150,1047,950,240.0,3.1114
SYN-055,55.375,15.546,9.305,3.117,3.267,5.943,3.639,2.517,0.0,0.0,1.22,0.066,0.005,0,1150,1047,750,1250.0,4.0972
SYN-055,55.375,15.546,9.305,3.117,3.267,5.943,3.639,2.517,0.0,0.0,1.22,0.066,0.005,0,1150,1047,900,410.0,2.9718
SYN-056,66.052,13.376,0.0,1.706,9.367,0.0,5.819,1.896,0.0,1.686,0.098,0.0,0.0,1,1191,958,900,320.0,3.9433
SYN-056,66.052,13.376,0.0,1.706,9.367,0.0,5.819,1.896,0.0,1.686,0.098,0.0,0.0,1,1191,958,900,400.0,3.358
SYN-056,66.052,13.376,0.0,1.706,9.367,0.0,5.819,1.896,0.0,1.686,0.098,0.0,0.0,1,1191,958,1000,120.0,3.5527
SYN-056,66.052,13.376,0.0,1.706,9.367,0.0,5.819,1.896,0.0,1.686,0.098,0.0,0.0,1,1191,958,1000,400.0,1.6024
SYN-056,66.052,13.376,0.0,1.706,9.367,0.0,5.819,1.896,0.0,1.686,0.098,0.0,0.0,1,1191,958,1000,90.0,4.0194
SYN-056,66.052,13.376,0.0,1.706,9.367,0.0,5.819,1.896,0.0,1.686,0.098,0.0,0.0,1,1191,958,850,1280.0,1.8427
SYN-056,66.052,13.376,0.0,1.706,9.367,0.0,5.819,1.896,0.0,1.686,0.098,0.0,0.0,1,1191,958,850,720.0,3.1575
SYN-057,61.257,3.388,13.691,2.06,8.464,4.168,3.307,1.628,0.0,0.906,1.131,0.0,0.0,0,1184,956,700,1300.0,4.1042
SYN-057,61.257,3.388,13.691,2.06,8.464,4.168,3.307,1.628,0.0,0.906,1.131,0.0,0.0,0,1184,956,700,1280.0,4.1234
SYN-057,61.257,3.388,13.691,2.06,8.464,4.168,3.307,1.628,0.0,0.906,1.131,0.0,0.0,0,1184,956,700,1300.0,3.9408
SYN-057,61.257,3.388,13.691,2.06,8.464,4.168,3.307,1.628,0.0,0.906,1.131,0.0,0.0,0,1184,956,950,300.0,1.8465
SYN-057,61.257,3.388,13.691,2.06,8.464,4.168,3.307,1.628,0.0,0.906,1.131,0.0,0.0,0,1184,956,950,230.0,2.5639
SYN-057,61.257,3.388,13.691,2.06,8.464,4.168,3.307,1.628,0.0,0.906,1.131,0.0,0.0,0,1184,956,750,800.0,4.0789
SYN-057,61.257,3.388,13.691,2.06,8.464,4.168,3.307,1.628,0.0,0.906,1.131,0.0,0.0,0,1184,956,750,1300.0,2.7392
SYN-057,61.257,3.388,13.691,2.06,8.464,4.168,3.307,1.628,0.0,0.906,1.131,0.0,0.0,0,1184,956,750,1300.0,2.976
SYN-057,61.257,3.388,13.691,2.06,8.464,4.168,3.307,1.628,0.0,0.906,1.131,0.0,0.0,0,1184,956,1100,40.0,1.3035
SYN-057,61.257,3.388,13.691,2.06,8.464,4.168,3.307,1.628,0.0,0.906,1.131,0.0,0.0,0,1184,956,1100,40.0,1.1873
SYN-057,61.257,3.388,13.691,2.06,8.464,4.168,3.307,1.628,0.0,0.906,1.131,0.0,0.0,0,1184,956,1100,40.0,1.0107
SYN-058,75.67,7.935,1.238,0.0,5.792,0.0,5.672,2.101,0.0,1.518,0.074,0.0,0.0,1,1204,889,1100,40.0,2.0284
SYN-058,75.67,7.935,1.238,0.0,5.792,0.0,5.672,2.101,0.0,1.518,0.074,0.0,0.0,1,1204,889,750,1260.0,3.1439
SYN-058,75.67,7.935,1.238,0.0,5.792,0.0,5.672,2.101,0.0,1.518,0.074,0.0,0.0,1,1204,889,750,1230.0,2.8804
SYN-058,75.67,7.935,1.238,0.0,5.792,0.0,5.672,2.101,0.0,1.518,0.074,0.0,0.0,1,1204,889,950,280.0,2.1547
SYN-058,75.67,7.935,1.238,0.0,5.792,0.0,5.672,2.101,0.0,1.518,0.074,0.0,0.0,1,1204,889,1050,90.0,1.8171
SYN-058,75.67,7.935,1.238,0.0,5.792,0.0,5.672,2.101,0.0,1.518,0.074,0.0,0.0,1,1204,889,1050,40.0,3.0299
SYN-058,75.67,7.935,1.238,0.0,5.792,0.0,5.672,2.101,0.0,1.518,0.074,0.0,0.0,1,1204,889,1050,40.0,3.1692
SYN-059,67.155,10.504,0.0,0.0,5.445,5.776,3.513,0.332,5.389,1.886,0.0,0.0,0.0,1,1225,986,800,990.0,3.4952
SYN-059,67.155,10.504,0.0,0.0,5.445,5.776,3.513,0.332,5.389,1.886,0.0,0.0,0.0,1,1225,986,800,1300.0,2.6834
SYN-059,67.155,10.504,0.0,0.0,5.445,5.776,3.513,0.332,5.389,1.886,0.0,0.0,0.0,1,1225,986,800,1300.0,2.9046
SYN-059,67.155,10.504,0.0,0.0,5.445,5.776,3.513,0.332,5.389,1.886,0.0,0.0,0.0,1,1225,986,1100,40.0,2.6839
SYN-059,67.155,10.504,0.0,0.0,5.445,5.776,3.513,0.332,5.389,1.886,0.0,0.0,0.0,1,1225,986,850,570.0,3.5558
SYN-059,67.155,10.504,0.0,0.0,5.445,5.776,3.513,0.332,5.389,1.886,0.0,0.0,0.0,1,1225,986,850,1200.0,1.9439
SYN-059,67.155,10.504,0.0,0.0,5.445,5.776,3.513,0.332,5.389,1.886,0.0,0.0,0.0,1,1225,986,850,890.0,2.7006
SYN-059,67.155,10.504,0.0,0.0,5.445,5.776,3.513,0.332,5.389,1.886,0.0,0.0,0.0,1,1225,986,1000,120.0,3.5722
SYN-059,67.155,10.504,0.0,0.0,5.445,5.776,3.513,0.332,5.389,1.886,0.0,0.0,0.0,1,1225,986,900,620.0,2.3902
SYN-059,67.155,10.504,0.0,0.0,5.445,5.776,3.513,0.332,5.389,1.886,0.0,0.0,0.0,1,1225,986,900,930.0,1.5008
SYN-059,67.155,10.504,0.0,0.0,5.445,5.776,3.513,0.332,5.389,1.886,0.0,0.0,0.0,1,1225,986,1050,60.0,3.4508
SYN-059,67.155,10.504,0.0,0.0,5.445,5.776,3.513,0.332,5.389,1.886,0.0,0.0,0.0,1,1225,986,1050,80.0,2.9004
SYN-059,67.155,10.504,0.0,0.0,5.445,5.776,3.513,0.332,5.389,1.886,0.0,0.0,0.0,1,1225,986,1050,40.0,3.8962
SYN-060,86.867,2.337,0.146,0.0,1.378,3.368,5.323,0.07,0.0,0.505,0.0,0.006,0.0,1,1150,1004,1100,40.0,1.2619
SYN-060,86.867,2.337,0.146,0.0,1.378,3.368,5.323,0.07,0.0,0.505,0.0,0.006,0.0,1,1150,1004,750,1220.0,2.6729
SYN-060,86.867,2.337,0.146,0.0,1.378,3.368,5.323,0.07,0.0,0.505,0.0,0.006,0.0,1,1150,1004,850,800.0,1.8123
SYN-060,86.867,2.337,0.146,0.0,1.378,3.368,5.323,0.07,0.0,0.505,0.0,0.006,0.0,1,1150,1004,850,410.0,3.2195
SYN-060,86.867,2.337,0.146,0.0,1.378,3.368,5.323,0.07,0.0,0.505,0.0,0.006,0.0,1,1150,1004,850,620.0,2.1652
SYN-060,86.867,2.337,0.146,0.0,1.378,3.368,5.323,0.07,0.0,0.505,0.0,0.006,0.0,1,1150,1004,950,70.0,4.2416
SYN-060,86.867,2.337,0.146,0.0,1.378,3.368,5.323,0.07,0.0,0.505,0.0,0.006,0.0,1,1150,1004,950,100.0,3.4202
SYN-060,86.867,2.337,0.146,0.0,1.378,3.368,5.323,0.07,0.0,0.505,0.0,0.006,0.0,1,1150,1004,1000,40.0,3.9108
SYN-060,86.867,2.337,0.146,0.0,1.378,3.368,5.323,0.07,0.0,0.505,0.0,0.006,0.0,1,1150,1004,1000,130.0,2.1406
SYN-060,86.867,2.337,0.146,0.0,1.378,3.368,5.323,0.07,0.0,0.505,0.0,0.006,0.0,1,1150,1004,700,1300.0,3.8935
SYN-060,86.867,2.337,0.146,0.0,1.378,3.368,5.323,0.07,0.0,0.505,0.0,0.006,0.0,1,1150,1004,700,1200.0,4.0882
SYN-060,86.867,2.337,0.146,0.0,1.378,3.368,5.323,0.07,0.0,0.505,0.0,0.006,0.0,1,1150,1004,700,1300.0,3.6451
SYN-061,78.022,7.193,2.818,1.417,2.482,0.927,4.204,1.121,0.0,1.789,0.0,0.027,0.0,0,1150,1082,900,140.0,2.6031
SYN-061,78.022,7.193,2.818,1.417,2.482,0.927,4.204,1.121,0.0,1.789,0.0,0.027,0.0,0,1150,1082,900,60.0,3.6685
SYN-061,78.022,7.193,2.818,1.417,2.482,0.927,4.204,1.121,0.0,1.789,0.0,0.027,0.0,0,1150,1082,900,70.0,3.8071
SYN-061,78.022,7.193,2.818,1.417,2.482,0.927,4.204,1.121,0.0,1.789,0.0,0.027,0.0,0,1150,1082,950,60.0,2.5385
SYN-061,78.022,7.193,2.818,1.417,2.482,0.927,4.204,1.121,0.0,1.789,0.0,0.027,0.0,0,1150,1082,950,120.0,2.0673
SYN-061,78.022,7.193,2.818,1.417,2.482,0.927,4.204,1.121,0.0,1.789,0.0,0.027,0.0,0,1150,1082,950,40.0,3.3092
SYN-061,78.022,7.193,2.818,1.417,2.482,0.927,4.204,1.121,0.0,1.789,0.0,0.027,0.0,0,1150,1082,700,820.0,3.11
SYN-061,78.022,7.193,2.818,1.417,2.482,0.927,4.204,1.121,0.0,1.789,0.0,0.027,0.0,0,1150,1082,750,840.0,1.9534
SYN-061,78.022,7.193,2.818,1.417,2.482,0.927,4.204,1.121,0.0,1.789,0.0,0.027,0.0,0,1150,1082,750,1110.0,1.3897
SYN-061,78.022,7.193,2.818,1.417,2.482,0.927,4.204,1.121,0.0,1.789,0.0,0.027,0.0,0,1150,1082,750,440.0,3.4117
SYN-061,78.022,7.193,2.818,1.417,2.482,0.927,4.204,1.121,0.0,1.789,0.0,0.027,0.0,0,1150,1082,850,340.0,1.7389
SYN-061,78.022,7.193,2.818,1.417,2.482,0.927,4.204,1.121,0.0,1.789,0.0,0.027,0.0,0,1150,1082,850,180.0,3.0867
SYN-061,78.022,7.193,2.818,1.417,2.482,0.927,4.204,1.121,0.0,1.789,0.0,0.027,0.0,0,1150,1082,850,160.0,3.2657
SYN-062,63.16,5.586,8.78,2.499,9.015,1.279,3.399,0.722,4.978,0.582,0.0,0.0,0.0,1,1187,1055,1100,40.0,1.8978
SYN-062,63.16,5.586,8.78,2.499,9.015,1.279,3.399,0.722,4.978,0.582,0.0,0.0,0.0,1,1187,1055,1100,40.0,1.9215
SYN-062,63.16,5.586,8.78,2.499,9.015,1.279,3.399,0.722,4.978,0.582,0.0,0.0,0.0,1,1187,1055,1100,40.0,1.6463
SYN-062,63.16,5.586,8.78,2.499,9.015,1.279,3.399,0.722,4.978,0.582,0.0,0.0,0.0,1,1187,1055,850,960.0,1.3516
SYN-062,63.16,5.586,8.78,2.499,9.015,1.279,3.399,0.722,4.978,0.582,0.0,0.0,0.0,1,1187,1055,700,1300.0,3.9893
SYN-062,63.16,5.586,8.78,2.499,9.015,1.279,3.399,0.722,4.978,0.582,0.0,0.0,0.0,1,1187,1055,700,1280.0,3.968
SYN-062,63.16,5.586,8.78,2.499,9.015,1.279,3.399,0.722,4.978,0.582,0.0,0.0,0.0,1,1187,1055,1050,40.0,2.9494
SYN-062,63.16,5.586,8.78,2.499,9.015,1.279,3.399,0.722,4.978,0.582,0.0,0.0,0.0,1,1187,1055,1050,130.0,1.2587
SYN-062,63.16,5.586,8.78,2.499,9.015,1.279,3.399,0.722,4.978,0.582,0.0,0.0,0.0,1,1187,1055,1050,90.0,1.9277
SYN-062,63.16,5.586,8.78,2.499,9.015,1.279,3.399,0.722,4.978,0.582,0.0,0.0,0.0,1,1187,1055,750,880.0,3.9005
SYN-062,63.16,5.586,8.78,2.499,9.015,1.279,3.399,0.722,4.978,0.582,0.0,0.0,0.0,1,1187,1055,750,1250.0,2.8504
SYN-062,63.16,5.586,8.78,2.499,9.015,1.279,3.399,0.722,4.978,0.582,0.0,0.0,0.0,1,1187,1055,800,1300.0,1.6296
SYN-062,63.16,5.586,8.78,2.499,9.015,1.279,3.399,0.722,4.978,0.582,0.0,0.0,0.0,1,1187,1055,950,230.0,2.3601
SYN-062,63.16,5.586,8.78,2.499,9.015,1.279,3.399,0.722,4.978,0.582,0.0,0.0,0.0,1,1187,1055,950,280.0,2.0631
SYN-063,73.979,13.057,0.76,2.732,4.407,0.0,4.882,0.0,0.0,0.0,0.0,0.17,0.013,0,1150,1080,950,40.0,4.0911
SYN-063,73.979,13.057,0.76,2.732,4.407,0.0,4.882,0.0,0.0,0.0,0.0,0.17,0.013,0,1150,1080,950,210.0,1.7448
SYN-063,73.979,13.057,0.76,2.732,4.407,0.0,4.882,0.0,0.0,0.0,0.0,0.17,0.013,0,1150,1080,750,1230.0,2.0016
SYN-063,73.979,13.057,0.76,2.732,4.407,0.0,4.882,0.0,0.0,0.0,0.0,0.17,0.013,0,1150,1080,1000,40.0,2.879
SYN-063,73.979,13.057,0.76,2.732,4.407,0.0,4.882,0.0,0.0,0.0,0.0,0.17,0.013,0,1150,1080,1000,90.0,1.986
SYN-063,73.979,13.057,0.76,2.732,4.407,0.0,4.882,0.0,0.0,0.0,0.0,0.17,0.013,0,1150,1080,1050,40.0,1.9647
SYN-063,73.979,13.057,0.76,2.732,4.407,0.0,4.882,0.0,0.0,0.0,0.0,0.17,0.013,0,1150,1080,850,450.0,1.9756
SYN-063,73.979,13.057,0.76,2.732,4.407,0.0,4.882,0.0,0.0,0.0,0.0,0.17,0.013,0,1150,1080,850,220.0,3.5579
SYN-063,73.979,13.057,0.76,2.732,4.407,0.0,4.882,0.0,0.0,0.0,0.0,0.17,0.013,0,1150,1080,850,630.0,1.7153
SYN-063,73.979,13.057,0.76,2.732,4.407,0.0,4.882,0.0,0.0,0.0,0.0,0.17,0.013,0,1150,1080,1100,40.0,0.5581
SYN-064,64.871,14.141,4.549,2.636,4.386,0.42,3.072,3.791,0.0,1.372,0.619,0.143,0.0,0,1150,906,850,280.0,3.4186
SYN-064,64.871,14.141,4.549,2.636,4.386,0.42,3.072,3.791,0.0,1.372,0.619,0.143,0.0,0,1150,906,850,610.0,1.7846
SYN-064,64.871,14.141,4.549,2.636,4.386,0.42,3.072,3.791,0.0,1.372,0.619,0.143,0.0,0,1150,906,850,190.0,4.0231
SYN-064,64.871,14.141,4.549,2.636,4.386,0.42,3.072,3.791,0.0,1.372,0.619,0.143,0.0,0,1150,906,1100,40.0,0.6872
SYN-064,64.871,14.141,4.549,2.636,4.386,0.42,3.072,3.791,0.0,1.372,0.619,0.143,0.0,0,1150,906,750,1300.0,1.7947
SYN-064,64.871,14.141,4.549,2.636,4.386,0.42,3.072,3.791,0.0,1.372,0.619,0.143,0.0,0,1150,906,750,880.0,2.9322
SYN-064,64.871,14.141,4.549,2.636,4.386,0.42,3.072,3.791,0.0,1.372,0.619,0.143,0.0,0,1150,906,900,300.0,2.1638
SYN-064,64.871,14.141,4.549,2.636,4.386,0.42,3.072,3.791,0.0,1.372,0.619,0.143,0.0,0,1150,906,900,230.0,2.518
SYN-065,80.08,2.054,7.118,4.473,0.608,0.0,4.713,0.948,0.0,0.0,0.0,0.006,0.0,1,1150,975,950,40.0,3.9543
SYN-065,80.08,2.054,7.118,4.473,0.608,0.0,4.713,0.948,0.0,0.0,0.0,0.006,0.0,1,1150,975,950,60.0,3.8252
SYN-065,80.08,2.054,7.118,4.473,0.608,0.0,4.713,0.948,0.0,0.0,0.0,0.006,0.0,1,1150,975,750,690.0,3.6387
SYN-065,80.08,2.054,7.118,4.473,0.608,0.0,4.713,0.948,0.0,0.0,0.0,0.006,0.0,1,1150,975,900,120.0,3.5238
SYN-065,80.08,2.054,7.118,4.473,0.608,0.0,4.713,0.948,0.0,0.0,0.0,0.006,0.0,1,1150,975,800,1010.0,1.5524
SYN-066,68.645,11.812,0.397,3.486,2.263,0.0,5.358,0.768,5.272,1.671,0.245,0.079,0.004,0,1271,976,900,780.0,1.6673
SYN-066,68.645,11.812,0.397,3.486,2.263,0.0,5.358,0.768,5.272,1.671,0.245,0.079,0.004,0,1271,976,900,480.0,2.4096
SYN-066,68.645,11.812,0.397,3.486,2.263,0.0,5.358,0.768,5.272,1.671,0.245,0.079,0.004,0,1271,976,900,350.0,3.0772
SYN-066,68.645,11.812,0.397,3.486,2.263,0.0,5.358,0.768,5.272,1.671,0.245,0.079,0.004,0,1271,976,1050,200.0,1.5127
SYN-066,68.645,11.812,0.397,3.486,2.263,0.0,5.358,0.768,5.272,1.671,0.245,0.079,0.004,0,1271,976,750,1300.0,3.3029
SYN-066,68.645,11.812,0.397,3.486,2.263,0.0,5.358,0.768,5.272,1.671,0.245,0.079,0.004,0,1271,976,750,1250.0,3.3039
SYN-066,68.645,11.812,0.397,3.486,2.263,0.0,5.358,0.768,5.272,1.671,0.245,0.079,0.004,0,1271,976,750,1300.0,3.2242
SYN-066,68.645,11.812,0.397,3.486,2.263,0.0,5.358,0.768,5.272,1.671,0.245,0.079,0.004,0,1271,976,1000,120.0,2.9321
SYN-066,68.645,11.812,0.397,3.486,2.263,0.0,5.358,0.768,5.272,1.671,0.245,0.079,0.004,0,1271,976,1000,300.0,1.5533
SYN-066,68.645,11.812,0.397,3.486,2.263,0.0,5.358,0.768,5.272,1.671,0.245,0.079,0.004,0,1271,976,1000,170.0,2.4353
SYN-066,68.645,11.812,0.397,3.486,2.263,0.0,5.358,0.768,5.272,1.671,0.245,0.079,0.004,0,1271,976,950,460.0,1.5803
SYN-066,68.645,11.812,0.397,3.486,2.263,0.0,5.358,0.768,5.272,1.671,0.245,0.079,0.004,0,1271,976,950,130.0,4.0835
SYN-066,68.645,11.812,0.397,3.486,2.263,0.0,5.358,0.768,5.272,1.671,0.245,0.079,0.004,0,1271,976,850,1120.0,1.587
SYN-066,68.645,11.812,0.397,3.486,2.263,0.0,5.358,0.768,5.272,1.671,0.245,0.079,0.004,0,1271,976,850,580.0,3.0036
SYN-066,68.645,11.812,0.397,3.486,2.263,0.0,5.358,0.768,5.272,1.671,0.245,0.079,0.004,0,1271,976,800,690.0,3.8014
SYN-067,60.487,5.543,12.785,4.096,3.236,0.0,3.475,1.84,8.321,0.153,0.064,0.0,0.0,1,1254,880,700,1270.0,4.3234
SYN-067,60.487,5.543,12.785,4.096,3.236,0.0,3.475,1.84,8.321,0.153,0.064,0.0,0.0,1,1254,880,750,1060.0,3.501
SYN-067,60.487,5.543,12.785,4.096,3.236,0.0,3.475,1.84,8.321,0.153,0.064,0.0,0.0,1,1254,880,900,720.0,1.4595
SYN-067,60.487,5.543,12.785,4.096,3.236,0.0,3.475,1.84,8.321,0.153,0.064,0.0,0.0,1,1254,880,900,190.0,3.7521
SYN-067,60.487,5.543,12.785,4.096,3.236,0.0,3.475,1.84,8.321,0.153,0.064,0.0,0.0,1,1254,880,900,390.0,2.5789
SYN-067,60.487,5.543,12.785,4.096,3.236,0.0,3.475,1.84,8.321,0.153,0.064,0.0,0.0,1,1254,880,1100,40.0,2.4868
SYN-068,65.783,7.736,4.031,4.635,9.43,0.281,4.68,0.0,3.361,0.057,0.0,0.006,0.0,0,1163,922,1100,40.0,1.4555
SYN-068,65.783,7.736,4.031,4.635,9.43,0.281,4.68,0.0,3.361,0.057,0.0,0.006,0.0,0,1163,922,1100,40.0,1.2906
SYN-068,65.783,7.736,4.031,4.635,9.43,0.281,4.68,0.0,3.361,0.057,0.0,0.006,0.0,0,1163,922,1100,40.0,1.2934
SYN-068,65.783,7.736,4.031,4.635,9.43,0.281,4.68,0.0,3.361,0.057,0.0,0.006,0.0,0,1163,922,750,1300.0,2.2807
SYN-068,65.783,7.736,4.031,4.635,9.43,0.281,4.68,0.0,3.361,0.057,0.0,0.006,0.0,0,1163,922,750,730.0,3.6295
SYN-068,65.783,7.736,4.031,4.635,9.43,0.281,4.68,0.0,3.361,0.057,0.0,0.006,0.0,0,1163,922,850,260.0,3.6308
SYN-068,65.783,7.736,4.031,4.635,9.43,0.281,4.68,0.0,3.361,0.057,0.0,0.006,0.0,0,1163,922,850,700.0,1.8417
SYN-068,65.783,7.736,4.031,4.635,9.43,0.281,4.68,0.0,3.361,0.057,0.0,0.006,0.0,0,1163,922,850,570.0,1.9238
SYN-068,65.783,7.736,4.031,4.635,9.43,0.281,4.68,0.0,3.361,0.057,0.0,0.006,0.0,0,1163,922,1050,80.0,1.5668
SYN-068,65.783,7.736,4.031,4.635,9.43,0.281,4.68,0.0,3.361,0.057,0.0,0.006,0.0,0,1163,922,700,1190.0,3.5002
SYN-069,69.84,6.058,0.0,3.044,6.091,1.128,4.887,0.0,8.465,0.137,0.35,0.0,0.0,0,1280,1095,1100,40.0,2.7193
SYN-069,69.84,6.058,0.0,3.044,6.091,1.128,4.887,0.0,8.465,0.137,0.35,0.0,0.0,0,1280,1095,1100,40.0,2.6431
SYN-069,69.84,6.058,0.0,3.044,6.091,1.128,4.887,0.0,8.465,0.137,0.35,0.0,0.0,0,1280,1095,950,110.0,4.0602
SYN-069,69.84,6.058,0.0,3.044,6.091,1.128,4.887,0.0,8.465,0.137,0.35,0.0,0.0,0,1280,1095,900,790.0,1.2527
SYN-069,69.84,6.058,0.0,3.044,6.091,1.128,4.887,0.0,8.465,0.137,0.35,0.0,0.0,0,1280,1095,900,390.0,2.8931
SYN-069,69.84,6.058,0.0,3.044,6.091,1.128,4.887,0.0,8.465,0.137,0.35,0.0,0.0,0,1280,1095,850,970.0,1.78
SYN-069,69.84,6.058,0.0,3.044,6.091,1.128,4.887,0.0,8.465,0.137,0.35,0.0,0.0,0,1280,1095,800,1250.0,2.3796
SYN-069,69.84,6.058,0.0,3.044,6.091,1.128,4.887,0.0,8.465,0.137,0.35,0.0,0.0,0,1280,1095,800,820.0,3.2885
SYN-070,76.856,6.033,0.0,0.0,6.761,1.365,5.937,0.0,1.749,0.628,0.504,0.158,0.009,0,1191,1021,1100,40.0,2.6498
SYN-070,76.856,6.033,0.0,0.0,6.761,1.365,5.937,0.0,1.749,0.628,0.504,0.158,0.009,0,1191,1021,1100,70.0,2.1415
SYN-070,76.856,6.033,0.0,0.0,6.761,1.365,5.937,0.0,1.749,0.628,0.504,0.158,0.009,0,1191,1021,700,1300.0,4.9024
SYN-070,76.856,6.033,0.0,0.0,6.761,1.365,5.937,0.0,1.749,0.628,0.504,0.158,0.009,0,1191,1021,700,1300.0,4.9411
SYN-070,76.856,6.033,0.0,0.0,6.761,1.365,5.937,0.0,1.749,0.628,0.504,0.158,0.009,0,1191,1021,800,930.0,3.5075
SYN-070,76.856,6.033,0.0,0.0,6.761,1.365,5.937,0.0,1.749,0.628,0.504,0.158,0.009,0,1191,1021,800,1300.0,2.8309
SYN-070,76.856,6.033,0.0,0.0,6.761,1.365,5.937,0.0,1.749,0.628,0.504,0.158,0.009,0,1191,1021,800,1160.0,2.9013
SYN-070,76.856,6.033,0.0,0.0,6.761,1.365,5.937,0.0,1.749,0.628,0.504,0.158,0.009,0,1191,1021,850,950.0,2.5167
SYN-070,76.856,6.033,0.0,0.0,6.761,1.365,5.937,0.0,1.749,0.628,0.504,0.158,0.009,0,1191,1021,850,400.0,4.3521
SYN-070,76.856,6.033,0.0,0.0,6.761,1.365,5.937,0.0,1.749,0.628,0.504,0.158,0.009,0,1191,1021,850,1050.0,2.0352
SYN-070,76.856,6.033,0.0,0.0,6.761,1.365,5.937,0.0,1.749,0.628,0.504,0.158,0.009,0,1191,1021,1000,210.0,2.438
SYN-070,76.856,6.033,0.0,0.0,6.761,1.365,5.937,0.0,1.749,0.628,0.504,0.158,0.009,0,1191,1021,900,460.0,3.1772
SYN-070,76.856,6.033,0.0,0.0,6.761,1.365,5.937,0.0,1.749,0.628,0.504,0.158,0.009,0,1191,1021,900,250.0,4.1878
SYN-071,61.26,6.823,7.259,4.823,8.798,1.887,5.394,0.0,3.621,0.0,0.12,0.015,0.0,1,1277,1054,1000,230.0,2.9105
SYN-071,61.26,6.823,7.259,4.823,8.798,1.887,5.394,0.0,3.621,0.0,0.12,0.015,0.0,1,1277,1054,1000,500.0,1.6639
SYN-071,61.26,6.823,7.259,4.823,8.798,1.887,5.394,0.0,3.621,0.0,0.12,0.015,0.0,1,1277,1054,1100,50.0,2.9384
SYN-071,61.26,6.823,7.259,4.823,8.798,1.887,5.394,0.0,3.621,0.0,0.12,0.015,0.0,1,1277,1054,1100,110.0,1.7315
SYN-071,61.26,6.823,7.259,4.823,8.798,1.887,5.394,0.0,3.621,0.0,0.12,0.015,0.0,1,1277,1054,750,1180.0,4.7699
SYN-071,61.26,6.823,7.259,4.823,8.798,1.887,5.394,0.0,3.621,0.0,0.12,0.015,0.0,1,1277,1054,750,1230.0,4.5865
SYN-071,61.26,6.823,7.259,4.823,8.798,1.887,5.394,0.0,3.621,0.0,0.12,0.015,0.0,1,1277,1054,750,1220.0,4.7256
SYN-071,61.26,6.823,7.259,4.823,8.798,1.887,5.394,0.0,3.621,0.0,0.12,0.015,0.0,1,1277,1054,900,450.0,3.6897
SYN-071,61.26,6.823,7.259,4.823,8.798,1.887,5.394,0.0,3.621,0.0,0.12,0.015,0.0,1,1277,1054,900,830.0,2.1049
SYN-071,61.26,6.823,7.259,4.823,8.798,1.887,5.394,0.0,3.621,0.0,0.12,0.015,0.0,1,1277,1054,900,1200.0,1.5341
SYN-071,61.26,6.823,7.259,4.823,8.798,1.887,5.394,0.0,3.621,0.0,0.12,0.015,0.0,1,1277,1054,1050,220.0,2.1657
SYN-071,61.26,6.823,7.259,4.823,8.798,1.887,5.394,0.0,3.621,0.0,0.12,0.015,0.0,1,1277,1054,1050,90.0,3.3368
SYN-072,74.695,14.032,0.0,0.0,0.341,3.127,5.151,1.143,0.555,0.928,0.025,0.003,0.0,1,1236,1070,750,1300.0,2.4972
SYN-072,74.695,14.032,0.0,0.0,0.341,3.127,5.151,1.143,0.555,0.928,0.025,0.003,0.0,1,1236,1070,750,930.0,3.5047
SYN-072,74.695,14.032,0.0,0.0,0.341,3.127,5.151,1.143,0.555,0.928,0.025,0.003,0.0,1,1236,1070,800,500.0,4.0012
SYN-072,74.695,14.032,0.0,0.0,0.341,3.127,5.151,1.143,0.555,0.928,0.025,0.003,0.0,1,1236,1070,1000,40.0,3.9752
SYN-072,74.695,14.032,0.0,0.0,0.341,3.127,5.151,1.143,0.555,0.928,0.025,0.003,0.0,1,1236,1070,1000,50.0,3.8088
SYN-072,74.695,14.032,0.0,0.0,0.341,3.127,5.151,1.143,0.555,0.928,0.025,0.003,0.0,1,1236,1070,1000,110.0,2.5884
SYN-072,74.695,14.032,0.0,0.0,0.341,3.127,5.151,1.143,0.555,0.928,0.025,0.003,0.0,1,1236,1070,850,590.0,2.4507
SYN-072,74.695,14.032,0.0,0.0,0.341,3.127,5.151,1.143,0.555,0.928,0.025,0.003,0.0,1,1236,1070,950,170.0,2.8713
SYN-072,74.695,14.032,0.0,0.0,0.341,3.127,5.151,1.143,0.555,0.928,0.025,0.003,0.0,1,1236,1070,950,210.0,2.3375
SYN-072,74.695,14.032,0.0,0.0,0.341,3.127,5.151,1.143,0.555,0.928,0.025,0.003,0.0,1,1236,1070,950,390.0,1.6361
SYN-073,73.716,7.638,4.82,0.0,0.271,0.539,3.168,0.0,9.844,0.0,0.0,0.004,0.0,1,1221,928,850,370.0,2.0602
SYN-073,73.716,7.638,4.82,0.0,0.271,0.539,3.168,0.0,9.844,0.0,0.0,0.004,0.0,1,1221,928,900,110.0,3.2105
SYN-073,73.716,7.638,4.82,0.0,0.271,0.539,3.168,0.0,9.844,0.0,0.0,0.004,0.0,1,1221,928,800,400.0,3.0656
SYN-073,73.716,7.638,4.82,0.0,0.271,0.539,3.168,0.0,9.844,0.0,0.0,0.004,0.0,1,1221,928,800,640.0,1.8118
SYN-073,73.716,7.638,4.82,0.0,0.271,0.539,3.168,0.0,9.844,0.0,0.0,0.004,0.0,1,1221,928,800,270.0,3.6005
SYN-073,73.716,7.638,4.82,0.0,0.271,0.539,3.168,0.0,9.844,0.0,0.0,0.004,0.0,1,1221,928,1000,40.0,2.6486
SYN-073,73.716,7.638,4.82,0.0,0.271,0.539,3.168,0.0,9.844,0.0,0.0,0.004,0.0,1,1221,928,750,510.0,3.3464
SYN-074,73.007,4.297,0.0,4.452,1.52,5.19,5.255,2.716,2.54,0.657,0.353,0.0,0.013,0,1241,1073,850,1300.0,2.8393
SYN-074,73.007,4.297,0.0,4.452,1.52,5.19,5.255,2.716,2.54,0.657,0.353,0.0,0.013,0,1241,1073,850,1020.0,3.5539
SYN-074,73.007,4.297,0.0,4.452,1.52,5.19,5.255,2.716,2.54,0.657,0.353,0.0,0.013,0,1241,1073,900,710.0,3.1283
SYN-074,73.007,4.297,0.0,4.452,1.52,5.19,5.255,2.716,2.54,0.657,0.353,0.0,0.013,0,1241,1073,900,1210.0,2.0385
SYN-074,73.007,4.297,0.0,4.452,1.52,5.19,5.255,2.716,2.54,0.657,0.353,0.0,0.013,0,1241,1073,900,1270.0,1.8559
SYN-074,73.007,4.297,0.0,4.452,1.52,5.19,5.255,2.716,2.54,0.657,0.353,0.0,0.013,0,1241,1073,950,380.0,3.37
SYN-075,56.164,5.849,12.878,2.398,9.353,0.0,6.238,1.362,4.482,1.265,0.0,0.011,0.0,1,1282,1085,900,450.0,4.0452
SYN-075,56.164,5.849,12.878,2.398,9.353,0.0,6.238,1.362,4.482,1.265,0.0,0.011,0.0,1,1282,1085,900,1260.0,1.8871
SYN-075,56.164,5.849,12.878,2.398,9.353,0.0,6.238,1.362,4.482,1.265,0.0,0.011,0.0,1,1282,1085,850,920.0,3.7682
SYN-075,56.164,5.849,12.878,2.398,9.353,0.0,6.238,1.362,4.482,1.265,0.0,0.011,0.0,1,1282,1085,850,840.0,3.9415
SYN-075,56.164,5.849,12.878,2.398,9.353,0.0,6.238,1.362,4.482,1.265,0.0,0.011,0.0,1,1282,1085,850,1250.0,3.0067
SYN-075,56.164,5.849,12.878,2.398,9.353,0.0,6.238,1.362,4.482,1.265,0.0,0.011,0.0,1,1282,1085,750,1230.0,4.9168
SYN-075,56.164,5.849,12.878,2.398,9.353,0.0,6.238,1.362,4.482,1.265,0.0,0.011,0.0,1,1282,1085,1000,640.0,1.4867
SYN-075,56.164,5.849,12.878,2.398,9.353,0.0,6.238,1.362,4.482,1.265,0.0,0.011,0.0,1,1282,1085,1000,150.0,4.1739
SYN-076,64.879,11.383,14.092,1.704,1.691,0.0,5.35,0.0,0.17,0.69,0.025,0.016,0.0,1,1208,1045,750,1300.0,2.1664
SYN-076,64.879,11.383,14.092,1.704,1.691,0.0,5.35,0.0,0.17,0.69,0.025,0.016,0.0,1,1208,1045,750,590.0,3.8474
SYN-076,64.879,11.383,14.092,1.704,1.691,0.0,5.35,0.0,0.17,0.69,0.025,0.016,0.0,1,1208,1045,1000,70.0,2.6496
SYN-076,64.879,11.383,14.092,1.704,1.691,0.0,5.35,0.0,0.17,0.69,0.025,0.016,0.0,1,1208,1045,900,100.0,3.9167
SYN-076,64.879,11.383,14.092,1.704,1.691,0.0,5.35,0.0,0.17,0.69,0.025,0.016,0.0,1,1208,1045,850,700.0,1.335
SYN-076,64.879,11.383,14.092,1.704,1.691,0.0,5.35,0.0,0.17,0.69,0.025,0.016,0.0,1,1208,1045,800,420.0,3.4039
SYN-076,64.879,11.383,14.092,1.704,1.691,0.0,5.35,0.0,0.17,0.69,0.025,0.016,0.0,1,1208,1045,800,760.0,2.2694
SYN-076,64.879,11.383,14.092,1.704,1.691,0.0,5.35,0.0,0.17,0.69,0.025,0.016,0.0,1,1208,1045,800,470.0,3.265
SYN-076,64.879,11.383,14.092,1.704,1.691,0.0,5.35,0.0,0.17,0.69,0.025,0.016,0.0,1,1208,1045,950,70.0,3.4985
SYN-076,64.879,11.383,14.092,1.704,1.691,0.0,5.35,0.0,0.17,0.69,0.025,0.016,0.0,1,1208,1045,950,90.0,3.166
SYN-076,64.879,11.383,14.092,1.704,1.691,0.0,5.35,0.0,0.17,0.69,0.025,0.016,0.0,1,1208,1045,950,250.0,1.3861
SYN-076,64.879,11.383,14.092,1.704,1.691,0.0,5.35,0.0,0.17,0.69,0.025,0.016,0.0,1,1208,1045,1050,40.0,2.1345
SYN-077,54.505,15.959,0.0,0.0,9.765,5.833,3.646,3.241,6.126,0.796,0.118,0.011,0.0,1,1230,1093,1100,140.0,2.678
SYN-077,54.505,15.959,0.0,0.0,9.765,5.833,3.646,3.241,6.126,0.796,0.118,0.011,0.0,1,1230,1093,1100,220.0,1.9463
SYN-077,54.505,15.959,0.0,0.0,9.765,5.833,3.646,3.241,6.126,0.796,0.118,0.011,0.0,1,1230,1093,1100,100.0,3.3182
SYN-077,54.505,15.959,0.0,0.0,9.765,5.833,3.646,3.241,6.126,0.796,0.118,0.011,0.0,1,1230,1093,1000,600.0,2.0154
SYN-077,54.505,15.959,0.0,0.0,9.765,5.833,3.646,3.241,6.126,0.796,0.118,0.011,0.0,1,1230,1093,1000,280.0,3.4639
SYN-077,54.505,15.959,0.0,0.0,9.765,5.833,3.646,3.241,6.126,0.796,0.118,0.011,0.0,1,1230,1093,1000,170.0,4.2573
SYN-077,54.505,15.959,0.0,0.0,9.765,5.833,3.646,3.241,6.126,0.796,0.118,0.011,0.0,1,1230,1093,850,1300.0,3.1809
SYN-077,54.505,15.959,0.0,0.0,9.765,5.833,3.646,3.241,6.126,0.796,0.118,0.011,0.0,1,1230,1093,950,350.0,3.8172
SYN-077,54.505,15.959,0.0,0.0,9.765,5.833,3.646,3.241,6.126,0.796,0.118,0.011,0.0,1,1230,1093,800,1170.0,4.5792
SYN-077,54.505,15.959,0.0,0.0,9.765,5.833,3.646,3.241,6.126,0.796,0.118,0.011,0.0,1,1230,1093,800,1200.0,4.5219
SYN-077,54.505,15.959,0.0,0.0,9.765,5.833,3.646,3.241,6.126,0.796,0.118,0.011,0.0,1,1230,1093,800,1300.0,4.4276
SYN-078,53.769,13.53,7.255,4.894,8.596,0.0,5.252,3.871,2.792,0.0,0.038,0.003,0.0,1,1223,893,1000,220.0,3.2213
SYN-078,53.769,13.53,7.255,4.894,8.596,0.0,5.252,3.871,2.792,0.0,0.038,0.003,0.0,1,1223,893,1000,320.0,2.3642
SYN-078,53.769,13.53,7.255,4.894,8.596,0.0,5.252,3.871,2.792,0.0,0.038,0.003,0.0,1,1223,893,1000,130.0,3.7604
SYN-078,53.769,13.53,7.255,4.894,8.596,0.0,5.252,3.871,2.792,0.0,0.038,0.003,0.0,1,1223,893,800,1020.0,4.2203
SYN-078,53.769,13.53,7.255,4.894,8.596,0.0,5.252,3.871,2.792,0.0,0.038,0.003,0.0,1,1223,893,850,1250.0,2.4586
SYN-078,53.769,13.53,7.255,4.894,8.596,0.0,5.252,3.871,2.792,0.0,0.038,0.003,0.0,1,1223,893,850,960.0,3.0506
SYN-078,53.769,13.53,7.255,4.894,8.596,0.0,5.252,3.871,2.792,0.0,0.038,0.003,0.0,1,1223,893,850,800.0,3.7321
SYN-078,53.769,13.53,7.255,4.894,8.596,0.0,5.252,3.871,2.792,0.0,0.038,0.003,0.0,1,1223,893,950,410.0,3.0496
SYN-078,53.769,13.53,7.255,4.894,8.596,0.0,5.252,3.871,2.792,0.0,0.038,0.003,0.0,1,1223,893,950,500.0,2.6825
SYN-078,53.769,13.53,7.255,4.894,8.596,0.0,5.252,3.871,2.792,0.0,0.038,0.003,0.0,1,1223,893,750,1280.0,4.6406
SYN-078,53.769,13.53,7.255,4.894,8.596,0.0,5.252,3.871,2.792,0.0,0.038,0.003,0.0,1,1223,893,750,1300.0,4.6938
SYN-078,53.769,13.53,7.255,4.894,8.596,0.0,5.252,3.871,2.792,0.0,0.038,0.003,0.0,1,1223,893,750,1190.0,4.8246
SYN-079,82.018,5.571,0.659,1.655,1.687,1.282,5.36,0.713,0.215,0.357,0.443,0.028,0.012,0,1197,1035,1050,40.0,2.5072
SYN-079,82.018,5.571,0.659,1.655,1.687,1.282,5.36,0.713,0.215,0.357,0.443,0.028,0.012,0,1197,1035,700,1300.0,3.3998
SYN-079,82.018,5.571,0.659,1.655,1.687,1.282,5.36,0.713,0.215,0.357,0.443,0.028,0.012,0,1197,1035,700,1230.0,3.6579
SYN-079,82.018,5.571,0.659,1.655,1.687,1.282,5.36,0.713,0.215,0.357,0.443,0.028,0.012,0,1197,1035,700,1190.0,3.5132
SYN-079,82.018,5.571,0.659,1.655,1.687,1.282,5.36,0.713,0.215,0.357,0.443,0.028,0.012,0,1197,1035,850,240.0,3.6663
SYN-079,82.018,5.571,0.659,1.655,1.687,1.282,5.36,0.713,0.215,0.357,0.443,0.028,0.012,0,1197,1035,850,360.0,3.133
SYN-079,82.018,5.571,0.659,1.655,1.687,1.282,5.36,0.713,0.215,0.357,0.443,0.028,0.012,0,1197,1035,850,710.0,1.5764
SYN-079,82.018,5.571,0.659,1.655,1.687,1.282,5.36,0.713,0.215,0.357,0.443,0.028,0.012,0,1197,1035,900,130.0,3.857
SYN-079,82.018,5.571,0.659,1.655,1.687,1.282,5.36,0.713,0.215,0.357,0.443,0.028,0.012,0,1197,1035,900,150.0,3.4651
SYN-079,82.018,5.571,0.659,1.655,1.687,1.282,5.36,0.713,0.215,0.357,0.443,0.028,0.012,0,1197,1035,800,560.0,3.1423
SYN-079,82.018,5.571,0.659,1.655,1.687,1.282,5.36,0.713,0.215,0.357,0.443,0.028,0.012,0,1197,1035,800,1120.0,1.7318
SYN-079,82.018,5.571,0.659,1.655,1.687,1.282,5.36,0.713,0.215,0.357,0.443,0.028,0.012,0,1197,1035,750,920.0,3.0315
SYN-079,82.018,5.571,0.659,1.655,1.687,1.282,5.36,0.713,0.215,0.357,0.443,0.028,0.012,0,1197,1035,750,1230.0,2.5223
SYN-079,82.018,5.571,0.659,1.655,1.687,1.282,5.36,0.713,0.215,0.357,0.443,0.028,0.012,0,1197,1035,750,790.0,3.4137
SYN-080,56.614,14.387,0.0,3.388,8.971,3.726,3.563,0.0,9.226,0.092,0.033,0.0,0.0,1,1285,892,800,1190.0,3.373
SYN-080,56.614,14.387,0.0,3.388,8.971,3.726,3.563,0.0,9.226,0.092,0.033,0.0,0.0,1,1285,892,800,1300.0,3.1062
SYN-080,56.614,14.387,0.0,3.388,8.971,3.726,3.563,0.0,9.226,0.092,0.033,0.0,0.0,1,1285,892,950,330.0,3.2177
SYN-080,56.614,14.387,0.0,3.388,8.971,3.726,3.563,0.0,9.226,0.092,0.033,0.0,0.0,1,1285,892,1000,100.0,3.9084
SYN-080,56.614,14.387,0.0,3.388,8.971,3.726,3.563,0.0,9.226,0.092,0.033,0.0,0.0,1,1285,892,1100,40.0,3.3957
SYN-080,56.614,14.387,0.0,3.388,8.971,3.726,3.563,0.0,9.226,0.092,0.033,0.0,0.0,1,1285,892,1100,150.0,1.5288
SYN-080,56.614,14.387,0.0,3.388,8.971,3.726,3.563,0.0,9.226,0.092,0.033,0.0,0.0,1,1285,892,1050,220.0,1.8767
SYN-081,61.726,13.674,8.989,3.83,0.729,0.526,4.25,3.949,0.0,1.421,0.898,0.008,0.0,0,1190,892,750,810.0,3.7223
SYN-081,61.726,13.674,8.989,3.83,0.729,0.526,4.25,3.949,0.0,1.421,0.898,0.008,0.0,0,1190,892,750,1100.0,2.7242
SYN-081,61.726,13.674,8.989,3.83,0.729,0.526,4.25,3.949,0.0,1.421,0.898,0.008,0.0,0,1190,892,1100,40.0,1.353
SYN-081,61.726,13.674,8.989,3.83,0.729,0.526,4.25,3.949,0.0,1.421,0.898,0.008,0.0,0,1190,892,700,1300.0,3.3895
SYN-081,61.726,13.674,8.989,3.83,0.729,0.526,4.25,3.949,0.0,1.421,0.898,0.008,0.0,0,1190,892,700,1230.0,3.8813
SYN-081,61.726,13.674,8.989,3.83,0.729,0.526,4.25,3.949,0.0,1.421,0.898,0.008,0.0,0,1190,892,900,170.0,3.5227
SYN-081,61.726,13.674,8.989,3.83,0.729,0.526,4.25,3.949,0.0,1.421,0.898,0.008,0.0,0,1190,892,900,400.0,2.0592
SYN-081,61.726,13.674,8.989,3.83,0.729,0.526,4.25,3.949,0.0,1.421,0.898,0.008,0.0,0,1190,892,900,340.0,2.3456
SYN-081,61.726,13.674,8.989,3.83,0.729,0.526,4.25,3.949,0.0,1.421,0.898,0.008,0.0,0,1190,892,1000,150.0,1.9825
SYN-081,61.726,13.674,8.989,3.83,0.729,0.526,4.25,3.949,0.0,1.421,0.898,0.008,0.0,0,1190,892,1000,40.0,3.5741
SYN-081,61.726,13.674,8.989,3.83,0.729,0.526,4.25,3.949,0.0,1.421,0.898,0.008,0.0,0,1190,892,1000,210.0,1.359
SYN-081,61.726,13.674,8.989,3.83,0.729,0.526,4.25,3.949,0.0,1.421,0.898,0.008,0.0,0,1190,892,800,410.0,3.9286
SYN-081,61.726,13.674,8.989,3.83,0.729,0.526,4.25,3.949,0.0,1.421,0.898,0.008,0.0,0,1190,892,800,580.0,3.2405
SYN-082,61.377,8.189,0.0,0.663,9.753,4.031,6.372,2.845,5.139,1.498,0.133,0.0,0.0,1,1208,1090,1000,290.0,3.2793
SYN-082,61.377,8.189,0.0,0.663,9.753,4.031,6.372,2.845,5.139,1.498,0.133,0.0,0.0,1,1208,1090,950,410.0,3.6286
SYN-082,61.377,8.189,0.0,0.663,9.753,4.031,6.372,2.845,5.139,1.498,0.133,0.0,0.0,1,1208,1090,950,940.0,2.1585
SYN-082,61.377,8.189,0.0,0.663,9.753,4.031,6.372,2.845,5.139,1.498,0.133,0.0,0.0,1,1208,1090,1100,200.0,2.2866
SYN-082,61.377,8.189,0.0,0.663,9.753,4.031,6.372,2.845,5.139,1.498,0.133,0.0,0.0,1,1208,1090,1100,100.0,3.2149
SYN-082,61.377,8.189,0.0,0.663,9.753,4.031,6.372,2.845,5.139,1.498,0.133,0.0,0.0,1,1208,1090,1100,280.0,1.9337
SYN-082,61.377,8.189,0.0,0.663,9.753,4.031,6.372,2.845,5.139,1.498,0.133,0.0,0.0,1,1208,1090,900,1170.0,2.6958
SYN-082,61.377,8.189,0.0,0.663,9.753,4.031,6.372,2.845,5.139,1.498,0.133,0.0,0.0,1,1208,1090,900,1300.0,2.3575
SYN-083,72.164,2.907,8.665,0.0,1.347,0.0,3.749,2.442,8.224,0.479,0.021,0.002,0.0,1,1266,1088,1000,40.0,4.2112
SYN-083,72.164,2.907,8.665,0.0,1.347,0.0,3.749,2.442,8.224,0.479,0.021,0.002,0.0,1,1266,1088,850,280.0,4.1878
SYN-083,72.164,2.907,8.665,0.0,1.347,0.0,3.749,2.442,8.224,0.479,0.021,0.002,0.0,1,1266,1088,850,710.0,2.1563
SYN-083,72.164,2.907,8.665,0.0,1.347,0.0,3.749,2.442,8.224,0.479,0.021,0.002,0.0,1,1266,1088,850,630.0,2.4856
SYN-083,72.164,2.907,8.665,0.0,1.347,0.0,3.749,2.442,8.224,0.479,0.021,0.002,0.0,1,1266,1088,1050,160.0,1.1452
SYN-083,72.164,2.907,8.665,0.0,1.347,0.0,3.749,2.442,8.224,0.479,0.021,0.002,0.0,1,1266,1088,1050,40.0,3.0789
SYN-083,72.164,2.907,8.665,0.0,1.347,0.0,3.749,2.442,8.224,0.479,0.021,0.002,0.0,1,1266,1088,700,1210.0,3.9937
SYN-083,72.164,2.907,8.665,0.0,1.347,0.0,3.749,2.442,8.224,0.479,0.021,0.002,0.0,1,1266,1088,700,1180.0,4.3224
SYN-083,72.164,2.907,8.665,0.0,1.347,0.0,3.749,2.442,8.224,0.479,0.021,0.002,0.0,1,1266,1088,700,1200.0,4.1037
SYN-084,68.682,10.577,2.858,3.492,3.492,3.142,4.948,1.222,0.0,1.573,0.0,0.014,0.0,1,1189,851,900,210.0,4.0061
SYN-084,68.682,10.577,2.858,3.492,3.492,3.142,4.948,1.222,0.0,1.573,0.0,0.014,0.0,1,1189,851,700,1300.0,4.5861
SYN-084,68.682,10.577,2.858,3.492,3.492,3.142,4.948,1.222,0.0,1.573,0.0,0.014,0.0,1,1189,851,700,1300.0,4.3547
SYN-084,68.682,10.577,2.858,3.492,3.492,3.142,4.948,1.222,0.0,1.573,0.0,0.014,0.0,1,1189,851,1000,220.0,1.9016
SYN-084,68.682,10.577,2.858,3.492,3.492,3.142,4.948,1.222,0.0,1.573,0.0,0.014,0.0,1,1189,851,1050,110.0,1.7914
SYN-084,68.682,10.577,2.858,3.492,3.492,3.142,4.948,1.222,0.0,1.573,0.0,0.014,0.0,1,1189,851,800,1300.0,2.1763
SYN-084,68.682,10.577,2.858,3.492,3.492,3.142,4.948,1.222,0.0,1.573,0.0,0.014,0.0,1,1189,851,950,110.0,3.7719
SYN-084,68.682,10.577,2.858,3.492,3.492,3.142,4.948,1.222,0.0,1.573,0.0,0.014,0.0,1,1189,851,950,220.0,2.9802
SYN-084,68.682,10.577,2.858,3.492,3.492,3.142,4.948,1.222,0.0,1.573,0.0,0.014,0.0,1,1189,851,950,300.0,2.4817
SYN-085,66.516,14.269,0.0,0.0,3.293,2.92,3.277,3.263,6.462,0.0,0.0,0.0,0.0,1,1225,942,1100,40.0,2.736
SYN-085,66.516,14.269,0.0,0.0,3.293,2.92,3.277,3.263,6.462,0.0,0.0,0.0,0.0,1,1225,942,1100,40.0,2.631
SYN-085,66.516,14.269,0.0,0.0,3.293,2.92,3.277,3.263,6.462,0.0,0.0,0.0,0.0,1,1225,942,1100,40.0,2.7549
SYN-085,66.516,14.269,0.0,0.0,3.293,2.92,3.277,3.263,6.462,0.0,0.0,0.0,0.0,1,1225,942,1000,160.0,2.829
SYN-085,66.516,14.269,0.0,0.0,3.293,2.92,3.277,3.263,6.462,0.0,0.0,0.0,0.0,1,1225,942,1000,50.0,4.3497
SYN-085,66.516,14.269,0.0,0.0,3.293,2.92,3.277,3.263,6.462,0.0,0.0,0.0,0.0,1,1225,942,1000,290.0,1.4406
SYN-085,66.516,14.269,0.0,0.0,3.293,2.92,3.277,3.263,6.462,0.0,0.0,0.0,0.0,1,1225,942,700,1250.0,4.5633
SYN-085,66.516,14.269,0.0,0.0,3.293,2.92,3.277,3.263,6.462,0.0,0.0,0.0,0.0,1,1225,942,700,1300.0,4.6789
SYN-085,66.516,14.269,0.0,0.0,3.293,2.92,3.277,3.263,6.462,0.0,0.0,0.0,0.0,1,1225,942,850,900.0,2.046
SYN-085,66.516,14.269,0.0,0.0,3.293,2.92,3.277,3.263,6.462,0.0,0.0,0.0,0.0,1,1225,942,850,580.0,3.0943
SYN-085,66.516,14.269,0.0,0.0,3.293,2.92,3.277,3.263,6.462,0.0,0.0,0.0,0.0,1,1225,942,850,440.0,3.8694
SYN-085,66.516,14.269,0.0,0.0,3.293,2.92,3.277,3.263,6.462,0.0,0.0,0.0,0.0,1,1225,942,800,1240.0,2.5578
SYN-085,66.516,14.269,0.0,0.0,3.293,2.92,3.277,3.263,6.462,0.0,0.0,0.0,0.0,1,1225,942,1050,60.0,3.1754
SYN-085,66.516,14.269,0.0,0.0,3.293,2.92,3.277,3.263,6.462,0.0,0.0,0.0,0.0,1,1225,942,1050,180.0,1.7195
SYN-085,66.516,14.269,0.0,0.0,3.293,2.92,3.277,3.263,6.462,0.0,0.0,0.0,0.0,1,1225,942,1050,140.0,1.9846
SYN-085,66.516,14.269,0.0,0.0,3.293,2.92,3.277,3.263,6.462,0.0,0.0,0.0,0.0,1,1225,942,750,1280.0,3.5522
SYN-085,66.516,14.269,0.0,0.0,3.293,2.92,3.277,3.263,6.462,0.0,0.0,0.0,0.0,1,1225,942,750,1170.0,3.8045
SYN-086,71.525,6.881,3.186,0.0,2.17,4.732,5.989,4.353,1.164,0.0,0.0,0.0,0.0,1,1297,964,1100,100.0,3.0721
SYN-086,71.525,6.881,3.186,0.0,2.17,4.732,5.989,4.353,1.164,0.0,0.0,0.0,0.0,1,1297,964,1100,70.0,3.6867
SYN-086,71.525,6.881,3.186,0.0,2.17,4.732,5.989,4.353,1.164,0.0,0.0,0.0,0.0,1,1297,964,1100,220.0,1.6527
SYN-086,71.525,6.881,3.186,0.0,2.17,4.732,5.989,4.353,1.164,0.0,0.0,0.0,0.0,1,1297,964,800,1300.0,4.2173
SYN-086,71.525,6.881,3.186,0.0,2.17,4.732,5.989,4.353,1.164,0.0,0.0,0.0,0.0,1,1297,964,800,1240.0,4.4647
SYN-086,71.525,6.881,3.186,0.0,2.17,4.732,5.989,4.353,1.164,0.0,0.0,0.0,0.0,1,1297,964,950,1200.0,1.4483
SYN-087,60.78,7.965,6.191,2.175,9.412,2.114,3.063,0.497,7.493,0.257,0.0,0.033,0.02,0,1238,1063,1050,130.0,1.9112
SYN-087,60.78,7.965,6.191,2.175,9.412,2.114,3.063,0.497,7.493,0.257,0.0,0.033,0.02,0,1238,1063,900,270.0,3.4526
SYN-087,60.78,7.965,6.191,2.175,9.412,2.114,3.063,0.497,7.493,0.257,0.0,0.033,0.02,0,1238,1063,900,200.0,3.9985
SYN-087,60.78,7.965,6.191,2.175,9.412,2.114,3.063,0.497,7.493,0.257,0.0,0.033,0.02,0,1238,1063,1100,60.0,1.6904
SYN-087,60.78,7.965,6.191,2.175,9.412,2.114,3.063,0.497,7.493,0.257,0.0,0.033,0.02,0,1238,1063,1100,40.0,2.4284
SYN-087,60.78,7.965,6.191,2.175,9.412,2.114,3.063,0.497,7.493,0.257,0.0,0.033,0.02,0,1238,1063,800,1110.0,2.5954
SYN-087,60.78,7.965,6.191,2.175,9.412,2.114,3.063,0.497,7.493,0.257,0.0,0.033,0.02,0,1238,1063,800,560.0,4.1689
SYN-087,60.78,7.965,6.191,2.175,9.412,2.114,3.063,0.497,7.493,0.257,0.0,0.033,0.02,0,1238,1063,800,980.0,2.7531
SYN-088,55.328,13.942,0.0,4.298,9.733,0.0,6.37,3.267,6.934,0.0,0.09,0.021,0.017,0,1329,920,850,790.0,3.9458
SYN-088,55.328,13.942,0.0,4.298,9.733,0.0,6.37,3.267,6.934,0.0,0.09,0.021,0.017,0,1329,920,850,1180.0,3.2612
SYN-088,55.328,13.942,0.0,4.298,9.733,0.0,6.37,3.267,6.934,0.0,0.09,0.021,0.017,0,1329,920,950,550.0,3.0144
SYN-088,55.328,13.942,0.0,4.298,9.733,0.0,6.37,3.267,6.934,0.0,0.09,0.021,0.017,0,1329,920,1100,70.0,3.6084
SYN-088,55.328,13.942,0.0,4.298,9.733,0.0,6.37,3.267,6.934,0.0,0.09,0.021,0.017,0,1329,920,1100,50.0,3.9903
SYN-088,55.328,13.942,0.0,4.298,9.733,0.0,6.37,3.267,6.934,0.0,0.09,0.021,0.017,0,1329,920,900,1300.0,2.0191
SYN-088,55.328,13.942,0.0,4.298,9.733,0.0,6.37,3.267,6.934,0.0,0.09,0.021,0.017,0,1329,920,900,990.0,2.7018
SYN-089,72.744,5.296,0.0,0.824,7.214,0.154,3.949,0.0,8.521,1.198,0.099,0.001,0.0,1,1255,1028,850,340.0,4.0046
SYN-089,72.744,5.296,0.0,0.824,7.214,0.154,3.949,0.0,8.521,1.198,0.099,0.001,0.0,1,1255,1028,850,1010.0,1.653
SYN-089,72.744,5.296,0.0,0.824,7.214,0.154,3.949,0.0,8.521,1.198,0.099,0.001,0.0,1,1255,1028,1100,40.0,2.4602
SYN-089,72.744,5.296,0.0,0.824,7.214,0.154,3.949,0.0,8.521,1.198,0.099,0.001,0.0,1,1255,1028,1100,40.0,2.2735
SYN-089,72.744,5.296,0.0,0.824,7.214,0.154,3.949,0.0,8.521,1.198,0.099,0.001,0.0,1,1255,1028,950,140.0,3.3188
SYN-089,72.744,5.296,0.0,0.824,7.214,0.154,3.949,0.0,8.521,1.198,0.099,0.001,0.0,1,1255,1028,950,280.0,2.1044
SYN-089,72.744,5.296,0.0,0.824,7.214,0.154,3.949,0.0,8.521,1.198,0.099,0.001,0.0,1,1255,1028,950,460.0,1.4021
SYN-089,72.744,5.296,0.0,0.824,7.214,0.154,3.949,0.0,8.521,1.198,0.099,0.001,0.0,1,1255,1028,700,1270.0,4.3829
SYN-089,72.744,5.296,0.0,0.824,7.214,0.154,3.949,0.0,8.521,1.198,0.099,0.001,0.0,1,1255,1028,700,1200.0,4.4318
SYN-089,72.744,5.296,0.0,0.824,7.214,0.154,3.949,0.0,8.521,1.198,0.099,0.001,0.0,1,1255,1028,900,350.0,2.8032
SYN-089,72.744,5.296,0.0,0.824,7.214,0.154,3.949,0.0,8.521,1.198,0.099,0.001,0.0,1,1255,1028,800,1040.0,2.5487
SYN-090,64.726,6.68,6.651,4.821,5.112,4.05,5.567,0.061,2.329,0.0,0.0,0.003,0.0,1,1187,965,850,950.0,3.2988
SYN-090,64.726,6.68,6.651,4.821,5.112,4.05,5.567,0.061,2.329,0.0,0.0,0.003,0.0,1,1187,965,850,860.0,3.504
SYN-090,64.726,6.68,6.651,4.821,5.112,4.05,5.567,0.061,2.329,0.0,0.0,0.003,0.0,1,1187,965,1100,40.0,3.4638
SYN-090,64.726,6.68,6.651,4.821,5.112,4.05,5.567,0.061,2.329,0.0,0.0,0.003,0.0,1,1187,965,1100,50.0,3.2369
SYN-090,64.726,6.68,6.651,4.821,5.112,4.05,5.567,0.061,2.329,0.0,0.0,0.003,0.0,1,1187,965,1100,100.0,2.3816
SYN-090,64.726,6.68,6.651,4.821,5.112,4.05,5.567,0.061,2.329,0.0,0.0,0.003,0.0,1,1187,965,800,1280.0,3.5945
SYN-090,64.726,6.68,6.651,4.821,5.112,4.05,5.567,0.061,2.329,0.0,0.0,0.003,0.0,1,1187,965,800,1090.0,3.9446
SYN-090,64.726,6.68,6.651,4.821,5.112,4.05,5.567,0.061,2.329,0.0,0.0,0.003,0.0,1,1187,965,800,1300.0,3.4233
SYN-091,60.115,6.344,7.553,3.155,9.549,4.899,3.233,2.88,0.909,1.244,0.0,0.119,0.0,0,1150,991,800,1270.0,2.7336
SYN-091,60.115,6.344,7.553,3.155,9.549,4.899,3.233,2.88,0.909,1.244,0.0,0.119,0.0,0,1150,991,850,1300.0,1.452
SYN-091,60.115,6.344,7.553,3.155,9.549,4.899,3.233,2.88,0.909,1.244,0.0,0.119,0.0,0,1150,991,750,1160.0,4.1762
SYN-092,69.307,8.575,6.083,0.56,1.863,0.0,5.524,0.0,6.72,1.348,0.013,0.0,0.007,0,1250,1000,700,1190.0,3.9153
SYN-092,69.307,8.575,6.083,0.56,1.863,0.0,5.524,0.0,6.72,1.348,0.013,0.0,0.007,0,1250,1000,700,1290.0,3.8654
SYN-092,69.307,8.575,6.083,0.56,1.863,0.0,5.524,0.0,6.72,1.348,0.013,0.0,0.007,0,1250,1000,700,1300.0,3.6891
SYN-092,69.307,8.575,6.083,0.56,1.863,0.0,5.524,0.0,6.72,1.348,0.013,0.0,0.007,0,1250,1000,850,270.0,3.9738
SYN-092,69.307,8.575,6.083,0.56,1.863,0.0,5.524,0.0,6.72,1.348,0.013,0.0,0.007,0,1250,1000,850,470.0,2.7573
SYN-092,69.307,8.575,6.083,0.56,1.863,0.0,5.524,0.0,6.72,1.348,0.013,0.0,0.007,0,1250,1000,1050,40.0,2.8139
SYN-092,69.307,8.575,6.083,0.56,1.863,0.0,5.524,0.0,6.72,1.348,0.013,0.0,0.007,0,1250,1000,950,210.0,2.3521
SYN-092,69.307,8.575,6.083,0.56,1.863,0.0,5.524,0.0,6.72,1.348,0.013,0.0,0.007,0,1250,1000,950,80.0,3.8259
SYN-092,69.307,8.575,6.083,0.56,1.863,0.0,5.524,0.0,6.72,1.348,0.013,0.0,0.007,0,1250,1000,1000,150.0,1.9173
SYN-092,69.307,8.575,6.083,0.56,1.863,0.0,5.524,0.0,6.72,1.348,0.013,0.0,0.007,0,1250,1000,1000,120.0,2.2568
SYN-092,69.307,8.575,6.083,0.56,1.863,0.0,5.524,0.0,6.72,1.348,0.013,0.0,0.007,0,1250,1000,1000,210.0,1.6669
SYN-092,69.307,8.575,6.083,0.56,1.863,0.0,5.524,0.0,6.72,1.348,0.013,0.0,0.007,0,1250,1000,800,570.0,3.5957
SYN-092,69.307,8.575,6.083,0.56,1.863,0.0,5.524,0.0,6.72,1.348,0.013,0.0,0.007,0,1250,1000,800,800.0,2.7897
SYN-092,69.307,8.575,6.083,0.56,1.863,0.0,5.524,0.0,6.72,1.348,0.013,0.0,0.007,0,1250,1000,800,1300.0,1.5225
SYN-093,57.496,5.019,10.739,4.561,1.638,5.172,5.056,0.0,9.462,0.854,0.0,0.003,0.0,1,1297,993,950,550.0,3.6043
SYN-093,57.496,5.019,10.739,4.561,1.638,5.172,5.056,0.0,9.462,0.854,0.0,0.003,0.0,1,1297,993,950,420.0,4.0625
SYN-093,57.496,5.019,10.739,4.561,1.638,5.172,5.056,0.0,9.462,0.854,0.0,0.003,0.0,1,1297,993,1000,230.0,4.1191
SYN-093,57.496,5.019,10.739,4.561,1.638,5.172,5.056,0.0,9.462,0.854,0.0,0.003,0.0,1,1297,993,1050,450.0,2.249
SYN-094,45.629,15.63,14.214,3.788,8.484,5.307,5.135,0.0,0.177,1.522,0.114,0.0,0.0,1,1171,878,1000,520.0,1.5676
SYN-094,45.629,15.63,14.214,3.788,8.484,5.307,5.135,0.0,0.177,1.522,0.114,0.0,0.0,1,1171,878,1000,370.0,1.8662
SYN-094,45.629,15.63,14.214,3.788,8.484,5.307,5.135,0.0,0.177,1.522,0.114,0.0,0.0,1,1171,878,1100,40.0,2.82
SYN-094,45.629,15.63,14.214,3.788,8.484,5.307,5.135,0.0,0.177,1.522,0.114,0.0,0.0,1,1171,878,1100,50.0,2.4602
SYN-094,45.629,15.63,14.214,3.788,8.484,5.307,5.135,0.0,0.177,1.522,0.114,0.0,0.0,1,1171,878,1100,70.0,2.307
SYN-094,45.629,15.63,14.214,3.788,8.484,5.307,5.135,0.0,0.177,1.522,0.114,0.0,0.0,1,1171,878,750,1190.0,4.8565
SYN-094,45.629,15.63,14.214,3.788,8.484,5.307,5.135,0.0,0.177,1.522,0.114,0.0,0.0,1,1171,878,750,1260.0,4.5045
SYN-094,45.629,15.63,14.214,3.788,8.484,5.307,5.135,0.0,0.177,1.522,0.114,0.0,0.0,1,1171,878,750,1300.0,4.568
SYN-094,45.629,15.63,14.214,3.788,8.484,5.307,5.135,0.0,0.177,1.522,0.114,0.0,0.0,1,1171,878,900,330.0,4.3026
SYN-095,74.766,5.999,0.0,0.0,7.974,0.0,4.068,0.0,7.168,0.011,0.0,0.014,0.0,1,1245,977,700,1280.0,3.7791
SYN-095,74.766,5.999,0.0,0.0,7.974,0.0,4.068,0.0,7.168,0.011,0.0,0.014,0.0,1,1245,977,800,540.0,3.6451
SYN-095,74.766,5.999,0.0,0.0,7.974,0.0,4.068,0.0,7.168,0.011,0.0,0.014,0.0,1,1245,977,800,610.0,3.3633
SYN-095,74.766,5.999,0.0,0.0,7.974,0.0,4.068,0.0,7.168,0.011,0.0,0.014,0.0,1,1245,977,850,240.0,4.1417
SYN-095,74.766,5.999,0.0,0.0,7.974,0.0,4.068,0.0,7.168,0.011,0.0,0.014,0.0,1,1245,977,850,810.0,1.5222
SYN-095,74.766,5.999,0.0,0.0,7.974,0.0,4.068,0.0,7.168,0.011,0.0,0.014,0.0,1,1245,977,850,430.0,2.7686
SYN-095,74.766,5.999,0.0,0.0,7.974,0.0,4.068,0.0,7.168,0.011,0.0,0.014,0.0,1,1245,977,950,190.0,2.477
SYN-095,74.766,5.999,0.0,0.0,7.974,0.0,4.068,0.0,7.168,0.011,0.0,0.014,0.0,1,1245,977,950,260.0,1.9879
SYN-095,74.766,5.999,0.0,0.0,7.974,0.0,4.068,0.0,7.168,0.011,0.0,0.014,0.0,1,1245,977,950,110.0,3.3369
SYN-095,74.766,5.999,0.0,0.0,7.974,0.0,4.068,0.0,7.168,0.011,0.0,0.014,0.0,1,1245,977,750,1300.0,2.638
SYN-095,74.766,5.999,0.0,0.0,7.974,0.0,4.068,0.0,7.168,0.011,0.0,0.014,0.0,1,1245,977,750,1110.0,2.9544
SYN-096,64.599,10.849,0.0,3.576,0.94,5.452,6.291,0.0,7.66,0.623,0.0,0.01,0.0,1,1303,1051,950,530.0,3.5262
SYN-096,64.599,10.849,0.0,3.576,0.94,5.452,6.291,0.0,7.66,0.623,0.0,0.01,0.0,1,1303,1051,1000,950.0,1.2885
SYN-096,64.599,10.849,0.0,3.576,0.94,5.452,6.291,0.0,7.66,0.623,0.0,0.01,0.0,1,1303,1051,1000,420.0,2.8862
SYN-096,64.599,10.849,0.0,3.576,0.94,5.452,6.291,0.0,7.66,0.623,0.0,0.01,0.0,1,1303,1051,1000,560.0,2.4772
SYN-096,64.599,10.849,0.0,3.576,0.94,5.452,6.291,0.0,7.66,0.623,0.0,0.01,0.0,1,1303,1051,1100,180.0,2.6754
SYN-096,64.599,10.849,0.0,3.576,0.94,5.452,6.291,0.0,7.66,0.623,0.0,0.01,0.0,1,1303,1051,1100,100.0,3.4161
SYN-097,65.326,13.479,7.286,0.972,6.148,3.527,3.224,0.0,0.0,0.0,0.027,0.011,0.0,1,1150,1087,700,1240.0,3.044
SYN-097,65.326,13.479,7.286,0.972,6.148,3.527,3.224,0.0,0.0,0.0,0.027,0.011,0.0,1,1150,1087,700,1300.0,2.9349
SYN-097,65.326,13.479,7.286,0.972,6.148,3.527,3.224,0.0,0.0,0.0,0.027,0.011,0.0,1,1150,1087,1050,40.0,1.3708
SYN-097,65.326,13.479,7.286,0.972,6.148,3.527,3.224,0.0,0.0,0.0,0.027,0.011,0.0,1,1150,1087,1050,40.0,1.4297
SYN-097,65.326,13.479,7.286,0.972,6.148,3.527,3.224,0.0,0.0,0.0,0.027,0.011,0.0,1,1150,1087,850,450.0,2.3779
SYN-097,65.326,13.479,7.286,0.972,6.148,3.527,3.224,0.0,0.0,0.0,0.027,0.011,0.0,1,1150,1087,850,370.0,2.7674
SYN-097,65.326,13.479,7.286,0.972,6.148,3.527,3.224,0.0,0.0,0.0,0.027,0.011,0.0,1,1150,1087,850,580.0,1.5439
SYN-098,61.975,3.678,8.483,3.866,5.586,0.0,4.531,1.137,9.926,0.808,0.0,0.01,0.0,1,1264,861,1100,40.0,3.0127
SYN-098,61.975,3.678,8.483,3.866,5.586,0.0,4.531,1.137,9.926,0.808,0.0,0.01,0.0,1,1264,861,950,230.0,3.6424
SYN-098,61.975,3.678,8.483,3.866,5.586,0.0,4.531,1.137,9.926,0.808,0.0,0.01,0.0,1,1264,861,950,660.0,1.5063
SYN-098,61.975,3.678,8.483,3.866,5.586,0.0,4.531,1.137,9.926,0.808,0.0,0.01,0.0,1,1264,861,950,170.0,3.937
SYN-098,61.975,3.678,8.483,3.866,5.586,0.0,4.531,1.137,9.926,0.808,0.0,0.01,0.0,1,1264,861,850,540.0,4.0575
SYN-098,61.975,3.678,8.483,3.866,5.586,0.0,4.531,1.137,9.926,0.808,0.0,0.01,0.0,1,1264,861,1050,100.0,2.8865
SYN-098,61.975,3.678,8.483,3.866,5.586,0.0,4.531,1.137,9.926,0.808,0.0,0.01,0.0,1,1264,861,1050,180.0,2.0013
SYN-098,61.975,3.678,8.483,3.866,5.586,0.0,4.531,1.137,9.926,0.808,0.0,0.01,0.0,1,1264,861,900,1090.0,1.2585
SYN-098,61.975,3.678,8.483,3.866,5.586,0.0,4.531,1.137,9.926,0.808,0.0,0.01,0.0,1,1264,861,900,820.0,2.0111
SYN-098,61.975,3.678,8.483,3.866,5.586,0.0,4.531,1.137,9.926,0.808,0.0,0.01,0.0,1,1264,861,750,1300.0,3.9911
SYN-098,61.975,3.678,8.483,3.866,5.586,0.0,4.531,1.137,9.926,0.808,0.0,0.01,0.0,1,1264,861,750,1300.0,3.8651
SYN-098,61.975,3.678,8.483,3.866,5.586,0.0,4.531,1.137,9.926,0.808,0.0,0.01,0.0,1,1264,861,750,1260.0,3.9612
SYN-099,71.794,7.466,3.709,1.037,6.956,0.0,3.837,0.0,2.866,1.675,0.537,0.105,0.018,0,1167,1078,1100,40.0,1.1214
SYN-099,71.794,7.466,3.709,1.037,6.956,0.0,3.837,0.0,2.866,1.675,0.537,0.105,0.018,0,1167,1078,1100,40.0,1.0792
SYN-099,71.794,7.466,3.709,1.037,6.956,0.0,3.837,0.0,2.866,1.675,0.537,0.105,0.018,0,1167,1078,1100,40.0,1.0897
SYN-099,71.794,7.466,3.709,1.037,6.956,0.0,3.837,0.0,2.866,1.675,0.537,0.105,0.018,0,1167,1078,850,280.0,3.3568
SYN-099,71.794,7.466,3.709,1.037,6.956,0.0,3.837,0.0,2.866,1.675,0.537,0.105,0.018,0,1167,1078,950,120.0,2.9461
SYN-099,71.794,7.466,3.709,1.037,6.956,0.0,3.837,0.0,2.866,1.675,0.537,0.105,0.018,0,1167,1078,950,230.0,1.9886
SYN-099,71.794,7.466,3.709,1.037,6.956,0.0,3.837,0.0,2.866,1.675,0.537,0.105,0.018,0,1167,1078,950,70.0,3.7101
SYN-099,71.794,7.466,3.709,1.037,6.956,0.0,3.837,0.0,2.866,1.675,0.537,0.105,0.018,0,1167,1078,800,600.0,3.0324
SYN-099,71.794,7.466,3.709,1.037,6.956,0.0,3.837,0.0,2.866,1.675,0.537,0.105,0.018,0,1167,1078,1050,60.0,1.9784
SYN-099,71.794,7.466,3.709,1.037,6.956,0.0,3.837,0.0,2.866,1.675,0.537,0.105,0.018,0,1167,1078,1050,80.0,1.7622
SYN-099,71.794,7.466,3.709,1.037,6.956,0.0,3.837,0.0,2.866,1.675,0.537,0.105,0.018,0,1167,1078,750,790.0,3.1897
SYN-099,71.794,7.466,3.709,1.037,6.956,0.0,3.837,0.0,2.866,1.675,0.537,0.105,0.018,0,1167,1078,700,1280.0,3.5025
SYN-099,71.794,7.466,3.709,1.037,6.956,0.0,3.837,0.0,2.866,1.675,0.537,0.105,0.018,0,1167,1078,700,1300.0,3.2788
SYN-099,71.794,7.466,3.709,1.037,6.956,0.0,3.837,0.0,2.866,1.675,0.537,0.105,0.018,0,1167,1078,700,1300.0,3.3152
SYN-100,66.763,7.732,8.451,0.672,0.386,4.356,6.461,0.0,3.762,0.0,1.243,0.167,0.007,0,1258,981,1050,480.0,1.4305
SYN-100,66.763,7.732,8.451,0.672,0.386,4.356,6.461,0.0,3.762,0.0,1.243,0.167,0.007,0,1258,981,1050,90.0,3.8271
SYN-100,66.763,7.732,8.451,0.672,0.386,4.356,6.461,0.0,3.762,0.0,1.243,0.167,0.007,0,1258,981,1050,250.0,2.3179
SYN-100,66.763,7.732,8.451,0.672,0.386,4.356,6.461,0.0,3.762,0.0,1.243,0.167,0.007,0,1258,981,950,280.0,3.8189
SYN-100,66.763,7.732,8.451,0.672,0.386,4.356,6.461,0.0,3.762,0.0,1.243,0.167,0.007,0,1258,981,950,850.0,1.6828
SYN-100,66.763,7.732,8.451,0.672,0.386,4.356,6.461,0.0,3.762,0.0,1.243,0.167,0.007,0,1258,981,950,720.0,2.3465
SYN-100,66.763,7.732,8.451,0.672,0.386,4.356,6.461,0.0,3.762,0.0,1.243,0.167,0.007,0,1258,981,750,1220.0,4.9679
SYN-100,66.763,7.732,8.451,0.672,0.386,4.356,6.461,0.0,3.762,0.0,1.243,0.167,0.007,0,1258,981,750,1300.0,4.9061
SYN-100,66.763,7.732,8.451,0.672,0.386,4.356,6.461,0.0,3.762,0.0,1.243,0.167,0.007,0,1258,981,850,1240.0,2.8723
SYN-100,66.763,7.732,8.451,0.672,0.386,4.356,6.461,0.0,3.762,0.0,1.243,0.167,0.007,0,1258,981,850,1080.0,3.1985
SYN-100,66.763,7.732,8.451,0.672,0.386,4.356,6.461,0.0,3.762,0.0,1.243,0.167,0.007,0,1258,981,800,1230.0,3.877
SYN-100,66.763,7.732,8.451,0.672,0.386,4.356,6.461,0.0,3.762,0.0,1.243,0.167,0.007,0,1258,981,800,1300.0,3.8028
SYN-100,66.763,7.732,8.451,0.672,0.386,4.356,6.461,0.0,3.762,0.0,1.243,0.167,0.007,0,1258,981,800,1240.0,3.9843
SYN-101,68.694,9.802,0.504,3.601,3.488,4.152,5.562,2.783,0.747,0.0,0.532,0.121,0.014,0,1183,986,800,1260.0,4.1213
SYN-101,68.694,9.802,0.504,3.601,3.488,4.152,5.562,2.783,0.747,0.0,0.532,0.121,0.014,0,1183,986,800,1300.0,4.099
SYN-101,68.694,9.802,0.504,3.601,3.488,4.152,5.562,2.783,0.747,0.0,0.532,0.121,0.014,0,1183,986,900,850.0,3.2225
SYN-101,68.694,9.802,0.504,3.601,3.488,4.152,5.562,2.783,0.747,0.0,0.532,0.121,0.014,0,1183,986,900,560.0,3.8742
SYN-101,68.694,9.802,0.504,3.601,3.488,4.152,5.562,2.783,0.747,0.0,0.532,0.121,0.014,0,1183,986,900,1180.0,2.3306
SYN-101,68.694,9.802,0.504,3.601,3.488,4.152,5.562,2.783,0.747,0.0,0.532,0.121,0.014,0,1183,986,1050,180.0,2.9689
SYN-101,68.694,9.802,0.504,3.601,3.488,4.152,5.562,2.783,0.747,0.0,0.532,0.121,0.014,0,1183,986,1050,230.0,2.7565
SYN-101,68.694,9.802,0.504,3.601,3.488,4.152,5.562,2.783,0.747,0.0,0.532,0.121,0.014,0,1183,986,1100,230.0,1.6776
SYN-102,46.735,9.722,8.512,2.644,9.457,5.101,3.924,2.506,9.689,0.535,1.052,0.11,0.013,0,1299,938,850,1250.0,4.6897
SYN-102,46.735,9.722,8.512,2.644,9.457,5.101,3.924,2.506,9.689,0.535,1.052,0.11,0.013,0,1299,938,1000,720.0,2.7733
SYN-102,46.735,9.722,8.512,2.644,9.457,5.101,3.924,2.506,9.689,0.535,1.052,0.11,0.013,0,1299,938,1000,420.0,3.9028
SYN-102,46.735,9.722,8.512,2.644,9.457,5.101,3.924,2.506,9.689,0.535,1.052,0.11,0.013,0,1299,938,1000,1010.0,2.0921
SYN-102,46.735,9.722,8.512,2.644,9.457,5.101,3.924,2.506,9.689,0.535,1.052,0.11,0.013,0,1299,938,950,1180.0,2.6918
SYN-102,46.735,9.722,8.512,2.644,9.457,5.101,3.924,2.506,9.689,0.535,1.052,0.11,0.013,0,1299,938,950,980.0,3.1365
SYN-102,46.735,9.722,8.512,2.644,9.457,5.101,3.924,2.506,9.689,0.535,1.052,0.11,0.013,0,1299,938,1100,160.0,3.5828
SYN-103,45.461,14.667,14.762,0.0,4.938,3.589,5.939,0.041,7.957,1.945,0.608,0.074,0.019,0,1278,987,850,980.0,3.8666
SYN-103,45.461,14.667,14.762,0.0,4.938,3.589,5.939,0.041,7.957,1.945,0.608,0.074,0.019,0,1278,987,1000,220.0,3.9003
SYN-103,45.461,14.667,14.762,0.0,4.938,3.589,5.939,0.041,7.957,1.945,0.608,0.074,0.019,0,1278,987,1050,230.0,2.9203
SYN-103,45.461,14.667,14.762,0.0,4.938,3.589,5.939,0.041,7.957,1.945,0.608,0.074,0.019,0,1278,987,950,550.0,3.2142
SYN-103,45.461,14.667,14.762,0.0,4.938,3.589,5.939,0.041,7.957,1.945,0.608,0.074,0.019,0,1278,987,950,360.0,4.1323
SYN-103,45.461,14.667,14.762,0.0,4.938,3.589,5.939,0.041,7.957,1.945,0.608,0.074,0.019,0,1278,987,950,910.0,2.3342
SYN-103,45.461,14.667,14.762,0.0,4.938,3.589,5.939,0.041,7.957,1.945,0.608,0.074,0.019,0,1278,987,800,1240.0,4.4556
SYN-104,54.967,15.028,3.359,4.719,7.158,3.335,5.349,3.114,2.853,0.0,0.099,0.0,0.019,0,1233,961,1050,150.0,3.6509
SYN-104,54.967,15.028,3.359,4.719,7.158,3.335,5.349,3.114,2.853,0.0,0.099,0.0,0.019,0,1233,961,900,700.0,3.9339
SYN-104,54.967,15.028,3.359,4.719,7.158,3.335,5.349,3.114,2.853,0.0,0.099,0.0,0.019,0,1233,961,800,1300.0,4.0957
SYN-104,54.967,15.028,3.359,4.719,7.158,3.335,5.349,3.114,2.853,0.0,0.099,0.0,0.019,0,1233,961,800,1270.0,4.5803
SYN-104,54.967,15.028,3.359,4.719,7.158,3.335,5.349,3.114,2.853,0.0,0.099,0.0,0.019,0,1233,961,800,1300.0,4.5976
SYN-105,67.545,13.214,0.0,3.305,1.953,0.969,5.834,1.006,4.37,1.77,0.022,0.012,0.0,1,1296,896,800,800.0,3.9514
SYN-105,67.545,13.214,0.0,3.305,1.953,0.969,5.834,1.006,4.37,1.77,0.022,0.012,0.0,1,1296,896,800,1270.0,3.1494
SYN-105,67.545,13.214,0.0,3.305,1.953,0.969,5.834,1.006,4.37,1.77,0.022,0.012,0.0,1,1296,896,800,1260.0,3.0883
SYN-105,67.545,13.214,0.0,3.305,1.953,0.969,5.834,1.006,4.37,1.77,0.022,0.012,0.0,1,1296,896,750,1300.0,3.926
SYN-105,67.545,13.214,0.0,3.305,1.953,0.969,5.834,1.006,4.37,1.77,0.022,0.012,0.0,1,1296,896,750,1300.0,3.9636
SYN-105,67.545,13.214,0.0,3.305,1.953,0.969,5.834,1.006,4.37,1.77,0.022,0.012,0.0,1,1296,896,750,1300.0,3.9028
SYN-105,67.545,13.214,0.0,3.305,1.953,0.969,5.834,1.006,4.37,1.77,0.022,0.012,0.0,1,1296,896,900,280.0,4.1639
SYN-105,67.545,13.214,0.0,3.305,1.953,0.969,5.834,1.006,4.37,1.77,0.022,0.012,0.0,1,1296,896,900,1070.0,1.3879
SYN-105,67.545,13.214,0.0,3.305,1.953,0.969,5.834,1.006,4.37,1.77,0.022,0.012,0.0,1,1296,896,900,600.0,2.8574
SYN-105,67.545,13.214,0.0,3.305,1.953,0.969,5.834,1.006,4.37,1.77,0.022,0.012,0.0,1,1296,896,1000,250.0,2.7164
SYN-105,67.545,13.214,0.0,3.305,1.953,0.969,5.834,1.006,4.37,1.77,0.022,0.012,0.0,1,1296,896,1000,180.0,2.9053
SYN-105,67.545,13.214,0.0,3.305,1.953,0.969,5.834,1.006,4.37,1.77,0.022,0.012,0.0,1,1296,896,1000,330.0,1.9477
SYN-105,67.545,13.214,0.0,3.305,1.953,0.969,5.834,1.006,4.37,1.77,0.022,0.012,0.0,1,1296,896,850,830.0,2.846
SYN-106,68.482,4.874,10.409,0.0,9.904,0.0,4.449,0.549,0.0,0.279,0.888,0.164,0.002,0,1150,887,1000,80.0,2.5588
SYN-106,68.482,4.874,10.409,0.0,9.904,0.0,4.449,0.549,0.0,0.279,0.888,0.164,0.002,0,1150,887,1000,110.0,1.7846
SYN-106,68.482,4.874,10.409,0.0,9.904,0.0,4.449,0.549,0.0,0.279,0.888,0.164,0.002,0,1150,887,850,620.0,1.4724
SYN-106,68.482,4.874,10.409,0.0,9.904,0.0,4.449,0.549,0.0,0.279,0.888,0.164,0.002,0,1150,887,850,390.0,2.5983
SYN-106,68.482,4.874,10.409,0.0,9.904,0.0,4.449,0.549,0.0,0.279,0.888,0.164,0.002,0,1150,887,850,190.0,3.9281
SYN-106,68.482,4.874,10.409,0.0,9.904,0.0,4.449,0.549,0.0,0.279,0.888,0.164,0.002,0,1150,887,750,950.0,2.6827
SYN-106,68.482,4.874,10.409,0.0,9.904,0.0,4.449,0.549,0.0,0.279,0.888,0.164,0.002,0,1150,887,750,1250.0,1.8923
SYN-106,68.482,4.874,10.409,0.0,9.904,0.0,4.449,0.549,0.0,0.279,0.888,0.164,0.002,0,1150,887,1050,70.0,1.4062
SYN-106,68.482,4.874,10.409,0.0,9.904,0.0,4.449,0.549,0.0,0.279,0.888,0.164,0.002,0,1150,887,1050,40.0,1.961
SYN-106,68.482,4.874,10.409,0.0,9.904,0.0,4.449,0.549,0.0,0.279,0.888,0.164,0.002,0,1150,887,800,710.0,2.2062
SYN-106,68.482,4.874,10.409,0.0,9.904,0.0,4.449,0.549,0.0,0.279,0.888,0.164,0.002,0,1150,887,800,310.0,4.0427
SYN-106,68.482,4.874,10.409,0.0,9.904,0.0,4.449,0.549,0.0,0.279,0.888,0.164,0.002,0,1150,887,800,430.0,3.4045
SYN-107,73.196,9.897,8.444,0.0,0.67,0.0,3.599,1.004,3.184,0.0,0.0,0.006,0.0,1,1161,1097,1050,40.0,1.1966
SYN-107,73.196,9.897,8.444,0.0,0.67,0.0,3.599,1.004,3.184,0.0,0.0,0.006,0.0,1,1161,1097,1050,40.0,1.0996
SYN-107,73.196,9.897,8.444,0.0,0.67,0.0,3.599,1.004,3.184,0.0,0.0,0.006,0.0,1,1161,1097,950,60.0,2.4613
SYN-107,73.196,9.897,8.444,0.0,0.67,0.0,3.599,1.004,3.184,0.0,0.0,0.006,0.0,1,1161,1097,950,130.0,1.3832
SYN-107,73.196,9.897,8.444,0.0,0.67,0.0,3.599,1.004,3.184,0.0,0.0,0.006,0.0,1,1161,1097,950,40.0,3.1602
SYN-107,73.196,9.897,8.444,0.0,0.67,0.0,3.599,1.004,3.184,0.0,0.0,0.006,0.0,1,1161,1097,850,130.0,3.4447
SYN-107,73.196,9.897,8.444,0.0,0.67,0.0,3.599,1.004,3.184,0.0,0.0,0.006,0.0,1,1161,1097,750,420.0,3.1479
SYN-107,73.196,9.897,8.444,0.0,0.67,0.0,3.599,1.004,3.184,0.0,0.0,0.006,0.0,1,1161,1097,750,600.0,2.4903
SYN-107,73.196,9.897,8.444,0.0,0.67,0.0,3.599,1.004,3.184,0.0,0.0,0.006,0.0,1,1161,1097,700,610.0,3.6202
SYN-107,73.196,9.897,8.444,0.0,0.67,0.0,3.599,1.004,3.184,0.0,0.0,0.006,0.0,1,1161,1097,700,790.0,2.7803
SYN-108,71.958,5.622,8.354,0.948,4.658,4.006,3.295,1.142,0.0,0.0,0.017,0.0,0.0,1,1150,1061,1050,40.0,1.786
SYN-108,71.958,5.622,8.354,0.948,4.658,4.006,3.295,1.142,0.0,0.0,0.017,0.0,0.0,1,1150,1061,1050,40.0,1.6405
SYN-108,71.958,5.622,8.354,0.948,4.658,4.006,3.295,1.142,0.0,0.0,0.017,0.0,0.0,1,1150,1061,1050,40.0,1.9828
SYN-108,71.958,5.622,8.354,0.948,4.658,4.006,3.295,1.142,0.0,0.0,0.017,0.0,0.0,1,1150,1061,800,440.0,3.4339
SYN-108,71.958,5.622,8.354,0.948,4.658,4.006,3.295,1.142,0.0,0.0,0.017,0.0,0.0,1,1150,1061,800,570.0,2.8228
SYN-108,71.958,5.622,8.354,0.948,4.658,4.006,3.295,1.142,0.0,0.0,0.017,0.0,0.0,1,1150,1061,800,1050.0,1.5323
SYN-108,71.958,5.622,8.354,0.948,4.658,4.006,3.295,1.142,0.0,0.0,0.017,0.0,0.0,1,1150,1061,700,1300.0,3.0672
SYN-108,71.958,5.622,8.354,0.948,4.658,4.006,3.295,1.142,0.0,0.0,0.017,0.0,0.0,1,1150,1061,700,1300.0,3.1292
SYN-108,71.958,5.622,8.354,0.948,4.658,4.006,3.295,1.142,0.0,0.0,0.017,0.0,0.0,1,1150,1061,750,1270.0,2.2596
SYN-108,71.958,5.622,8.354,0.948,4.658,4.006,3.295,1.142,0.0,0.0,0.017,0.0,0.0,1,1150,1061,750,940.0,2.7325
SYN-109,53.237,12.278,10.119,0.64,8.082,2.537,5.2,0.0,7.855,0.0,0.0,0.048,0.004,0,1252,906,750,1300.0,3.8473
SYN-109,53.237,12.278,10.119,0.64,8.082,2.537,5.2,0.0,7.855,0.0,0.0,0.048,0.004,0,1252,906,750,1280.0,3.792
SYN-109,53.237,12.278,10.119,0.64,8.082,2.537,5.2,0.0,7.855,0.0,0.0,0.048,0.004,0,1252,906,950,180.0,3.7729
SYN-109,53.237,12.278,10.119,0.64,8.082,2.537,5.2,0.0,7.855,0.0,0.0,0.048,0.004,0,1252,906,950,690.0,1.2924
SYN-109,53.237,12.278,10.119,0.64,8.082,2.537,5.2,0.0,7.855,0.0,0.0,0.048,0.004,0,1252,906,950,540.0,1.746
SYN-109,53.237,12.278,10.119,0.64,8.082,2.537,5.2,0.0,7.855,0.0,0.0,0.048,0.004,0,1252,906,1000,120.0,3.3498
SYN-109,53.237,12.278,10.119,0.64,8.082,2.537,5.2,0.0,7.855,0.0,0.0,0.048,0.004,0,1252,906,1000,330.0,1.8422
SYN-109,53.237,12.278,10.119,0.64,8.082,2.537,5.2,0.0,7.855,0.0,0.0,0.048,0.004,0,1252,906,1000,420.0,1.2909
SYN-109,53.237,12.278,10.119,0.64,8.082,2.537,5.2,0.0,7.855,0.0,0.0,0.048,0.004,0,1252,906,1100,150.0,1.3898
SYN-109,53.237,12.278,10.119,0.64,8.082,2.537,5.2,0.0,7.855,0.0,0.0,0.048,0.004,0,1252,906,1100,80.0,2.1412
SYN-109,53.237,12.278,10.119,0.64,8.082,2.537,5.2,0.0,7.855,0.0,0.0,0.048,0.004,0,1252,906,1100,40.0,2.8567
SYN-109,53.237,12.278,10.119,0.64,8.082,2.537,5.2,0.0,7.855,0.0,0.0,0.048,0.004,0,1252,906,850,910.0,2.8766
SYN-109,53.237,12.278,10.119,0.64,8.082,2.537,5.2,0.0,7.855,0.0,0.0,0.048,0.004,0,1252,906,850,1300.0,1.6197
SYN-109,53.237,12.278,10.119,0.64,8.082,2.537,5.2,0.0,7.855,0.0,0.0,0.048,0.004,0,1252,906,850,550.0,3.7298
SYN-110,77.603,5.09,6.439,0.0,3.965,1.011,4.362,0.464,0.0,0.243,0.764,0.055,0.004,0,1150,1006,800,290.0,3.6502
SYN-110,77.603,5.09,6.439,0.0,3.965,1.011,4.362,0.464,0.0,0.243,0.764,0.055,0.004,0,1150,1006,800,780.0,1.5715
SYN-110,77.603,5.09,6.439,0.0,3.965,1.011,4.362,0.464,0.0,0.243,0.764,0.055,0.004,0,1150,1006,800,390.0,3.1763
SYN-110,77.603,5.09,6.439,0.0,3.965,1.011,4.362,0.464,0.0,0.243,0.764,0.055,0.004,0,1150,1006,850,130.0,3.9922
SYN-110,77.603,5.09,6.439,0.0,3.965,1.011,4.362,0.464,0.0,0.243,0.764,0.055,0.004,0,1150,1006,750,1030.0,1.9657
SYN-110,77.603,5.09,6.439,0.0,3.965,1.011,4.362,0.464,0.0,0.243,0.764,0.055,0.004,0,1150,1006,750,500.0,3.6368
SYN-110,77.603,5.09,6.439,0.0,3.965,1.011,4.362,0.464,0.0,0.243,0.764,0.055,0.004,0,1150,1006,1000,50.0,2.2119
SYN-111,82.309,3.389,0.0,1.342,1.52,5.789,5.437,0.0,0.0,0.214,0.0,0.0,0.0,0,1159,904,950,120.0,3.1794
SYN-111,82.309,3.389,0.0,1.342,1.52,5.789,5.437,0.0,0.0,0.214,0.0,0.0,0.0,0,1159,904,950,200.0,2.5253
SYN-111,82.309,3.389,0.0,1.342,1.52,5.789,5.437,0.0,0.0,0.214,0.0,0.0,0.0,0,1159,904,900,590.0,1.588
SYN-111,82.309,3.389,0.0,1.342,1.52,5.789,5.437,0.0,0.0,0.214,0.0,0.0,0.0,0,1159,904,700,1230.0,3.8639
SYN-111,82.309,3.389,0.0,1.342,1.52,5.789,5.437,0.0,0.0,0.214,0.0,0.0,0.0,0,1159,904,700,1190.0,3.7663
SYN-111,82.309,3.389,0.0,1.342,1.52,5.789,5.437,0.0,0.0,0.214,0.0,0.0,0.0,0,1159,904,700,1300.0,3.7424
SYN-111,82.309,3.389,0.0,1.342,1.52,5.789,5.437,0.0,0.0,0.214,0.0,0.0,0.0,0,1159,904,750,1300.0,2.5508
SYN-111,82.309,3.389,0.0,1.342,1.52,5.789,5.437,0.0,0.0,0.214,0.0,0.0,0.0,0,1159,904,750,830.0,3.7453
SYN-111,82.309,3.389,0.0,1.342,1.52,5.789,5.437,0.0,0.0,0.214,0.0,0.0,0.0,0,1159,904,1050,40.0,2.748
SYN-111,82.309,3.389,0.0,1.342,1.52,5.789,5.437,0.0,0.0,0.214,0.0,0.0,0.0,0,1159,904,1050,40.0,2.5039
SYN-112,50.965,8.164,6.699,4.046,9.994,5.325,5.699,2.009,7.061,0.0,0.038,0.0,0.0,1,1283,965,900,1300.0,3.6839
SYN-112,50.965,8.164,6.699,4.046,9.994,5.325,5.699,2.009,7.061,0.0,0.038,0.0,0.0,1,1283,965,900,1300.0,3.6541
SYN-112,50.965,8.164,6.699,4.046,9.994,5.325,5.699,2.009,7.061,0.0,0.038,0.0,0.0,1,1283,965,1000,670.0,2.9394
SYN-112,50.965,8.164,6.699,4.046,9.994,5.325,5.699,2.009,7.061,0.0,0.038,0.0,0.0,1,1283,965,1000,610.0,3.3506
SYN-112,50.965,8.164,6.699,4.046,9.994,5.325,5.699,2.009,7.061,0.0,0.038,0.0,0.0,1,1283,965,1000,1240.0,2.0474
SYN-112,50.965,8.164,6.699,4.046,9.994,5.325,5.699,2.009,7.061,0.0,0.038,0.0,0.0,1,1283,965,1050,450.0,3.153
SYN-112,50.965,8.164,6.699,4.046,9.994,5.325,5.699,2.009,7.061,0.0,0.038,0.0,0.0,1,1283,965,1050,340.0,3.3887
SYN-112,50.965,8.164,6.699,4.046,9.994,5.325,5.699,2.009,7.061,0.0,0.038,0.0,0.0,1,1283,965,1050,830.0,1.9326
SYN-112,50.965,8.164,6.699,4.046,9.994,5.325,5.699,2.009,7.061,0.0,0.038,0.0,0.0,1,1283,965,850,1300.0,4.4395
SYN-112,50.965,8.164,6.699,4.046,9.994,5.325,5.699,2.009,7.061,0.0,0.038,0.0,0.0,1,1283,965,850,1250.0,4.8786
SYN-112,50.965,8.164,6.699,4.046,9.994,5.325,5.699,2.009,7.061,0.0,0.038,0.0,0.0,1,1283,965,850,1300.0,4.6683
SYN-112,50.965,8.164,6.699,4.046,9.994,5.325,5.699,2.009,7.061,0.0,0.038,0.0,0.0,1,1283,965,950,880.0,3.5387
SYN-113,67.853,5.732,0.0,0.0,7.702,0.376,5.699,4.162,7.039,1.385,0.04,0.012,0.0,1,1321,1034,1000,480.0,2.2349
SYN-113,67.853,5.732,0.0,0.0,7.702,0.376,5.699,4.162,7.039,1.385,0.04,0.012,0.0,1,1321,1034,1000,120.0,4.145
SYN-113,67.853,5.732,0.0,0.0,7.702,0.376,5.699,4.162,7.039,1.385,0.04,0.012,0.0,1,1321,1034,1000,370.0,2.3233
SYN-113,67.853,5.732,0.0,0.0,7.702,0.376,5.699,4.162,7.039,1.385,0.04,0.012,0.0,1,1321,1034,1050,70.0,4.0386
SYN-113,67.853,5.732,0.0,0.0,7.702,0.376,5.699,4.162,7.039,1.385,0.04,0.012,0.0,1,1321,1034,1050,220.0,2.4166
SYN-113,67.853,5.732,0.0,0.0,7.702,0.376,5.699,4.162,7.039,1.385,0.04,0.012,0.0,1,1321,1034,1050,110.0,3.6757
SYN-113,67.853,5.732,0.0,0.0,7.702,0.376,5.699,4.162,7.039,1.385,0.04,0.012,0.0,1,1321,1034,900,1210.0,1.7295
SYN-113,67.853,5.732,0.0,0.0,7.702,0.376,5.699,4.162,7.039,1.385,0.04,0.012,0.0,1,1321,1034,900,450.0,4.1433
SYN-113,67.853,5.732,0.0,0.0,7.702,0.376,5.699,4.162,7.039,1.385,0.04,0.012,0.0,1,1321,1034,1100,50.0,3.5166
SYN-113,67.853,5.732,0.0,0.0,7.702,0.376,5.699,4.162,7.039,1.385,0.04,0.012,0.0,1,1321,1034,1100,40.0,3.8893
SYN-113,67.853,5.732,0.0,0.0,7.702,0.376,5.699,4.162,7.039,1.385,0.04,0.012,0.0,1,1321,1034,750,1290.0,4.8828
SYN-113,67.853,5.732,0.0,0.0,7.702,0.376,5.699,4.162,7.039,1.385,0.04,0.012,0.0,1,1321,1034,950,330.0,3.472
SYN-114,78.459,2.678,0.0,0.918,5.825,2.58,4.419,3.996,0.0,1.122,0.0,0.003,0.0,1,1212,1096,750,1180.0,4.0999
SYN-114,78.459,2.678,0.0,0.918,5.825,2.58,4.419,3.996,0.0,1.122,0.0,0.003,0.0,1,1212,1096,1100,40.0,2.5129
SYN-114,78.459,2.678,0.0,0.918,5.825,2.58,4.419,3.996,0.0,1.122,0.0,0.003,0.0,1,1212,1096,1100,50.0,2.5331
SYN-114,78.459,2.678,0.0,0.918,5.825,2.58,4.419,3.996,0.0,1.122,0.0,0.003,0.0,1,1212,1096,1000,160.0,3.1585
SYN-114,78.459,2.678,0.0,0.918,5.825,2.58,4.419,3.996,0.0,1.122,0.0,0.003,0.0,1,1212,1096,1000,120.0,3.2726
SYN-114,78.459,2.678,0.0,0.918,5.825,2.58,4.419,3.996,0.0,1.122,0.0,0.003,0.0,1,1212,1096,1000,220.0,2.6149
SYN-114,78.459,2.678,0.0,0.918,5.825,2.58,4.419,3.996,0.0,1.122,0.0,0.003,0.0,1,1212,1096,800,850.0,3.7341
SYN-114,78.459,2.678,0.0,0.918,5.825,2.58,4.419,3.996,0.0,1.122,0.0,0.003,0.0,1,1212,1096,800,1280.0,2.9714
SYN-114,78.459,2.678,0.0,0.918,5.825,2.58,4.419,3.996,0.0,1.122,0.0,0.003,0.0,1,1212,1096,950,200.0,3.6765
SYN-114,78.459,2.678,0.0,0.918,5.825,2.58,4.419,3.996,0.0,1.122,0.0,0.003,0.0,1,1212,1096,950,610.0,1.6486
SYN-114,78.459,2.678,0.0,0.918,5.825,2.58,4.419,3.996,0.0,1.122,0.0,0.003,0.0,1,1212,1096,950,290.0,2.7099
SYN-115,69.449,2.778,6.664,0.452,5.387,3.448,4.717,0.0,7.008,0.0,0.086,0.011,0.0,1,1224,1075,1000,110.0,3.2881
SYN-115,69.449,2.778,6.664,0.452,5.387,3.448,4.717,0.0,7.008,0.0,0.086,0.011,0.0,1,1224,1075,1000,410.0,1.487
SYN-115,69.449,2.778,6.664,0.452,5.387,3.448,4.717,0.0,7.008,0.0,0.086,0.011,0.0,1,1224,1075,750,1300.0,3.8089
SYN-115,69.449,2.778,6.664,0.452,5.387,3.448,4.717,0.0,7.008,0.0,0.086,0.011,0.0,1,1224,1075,750,1220.0,3.7741
SYN-115,69.449,2.778,6.664,0.452,5.387,3.448,4.717,0.0,7.008,0.0,0.086,0.011,0.0,1,1224,1075,1050,260.0,1.3003
SYN-115,69.449,2.778,6.664,0.452,5.387,3.448,4.717,0.0,7.008,0.0,0.086,0.011,0.0,1,1224,1075,1050,90.0,2.7577
SYN-116,64.351,11.807,3.528,0.466,8.561,5.33,4.209,1.739,0.0,0.0,0.0,0.009,0.0,1,1159,1024,950,620.0,1.1517
SYN-116,64.351,11.807,3.528,0.466,8.561,5.33,4.209,1.739,0.0,0.0,0.0,0.009,0.0,1,1159,1024,950,490.0,1.7894
SYN-116,64.351,11.807,3.528,0.466,8.561,5.33,4.209,1.739,0.0,0.0,0.0,0.009,0.0,1,1159,1024,950,210.0,3.5101
SYN-116,64.351,11.807,3.528,0.466,8.561,5.33,4.209,1.739,0.0,0.0,0.0,0.009,0.0,1,1159,1024,850,590.0,3.3544
SYN-116,64.351,11.807,3.528,0.466,8.561,5.33,4.209,1.739,0.0,0.0,0.0,0.009,0.0,1,1159,1024,850,480.0,3.9037
SYN-116,64.351,11.807,3.528,0.466,8.561,5.33,4.209,1.739,0.0,0.0,0.0,0.009,0.0,1,1159,1024,850,1300.0,1.546
SYN-116,64.351,11.807,3.528,0.466,8.561,5.33,4.209,1.739,0.0,0.0,0.0,0.009,0.0,1,1159,1024,800,1300.0,2.5519
SYN-116,64.351,11.807,3.528,0.466,8.561,5.33,4.209,1.739,0.0,0.0,0.0,0.009,0.0,1,1159,1024,900,250.0,3.8443
SYN-117,58.847,14.309,13.097,0.815,3.376,3.061,3.232,1.669,0.0,1.537,0.0,0.052,0.005,0,1150,955,1000,40.0,3.0306
SYN-117,58.847,14.309,13.097,0.815,3.376,3.061,3.232,1.669,0.0,1.537,0.0,0.052,0.005,0,1150,955,850,460.0,2.1012
SYN-117,58.847,14.309,13.097,0.815,3.376,3.061,3.232,1.669,0.0,1.537,0.0,0.052,0.005,0,1150,955,950,120.0,2.2548
SYN-117,58.847,14.309,13.097,0.815,3.376,3.061,3.232,1.669,0.0,1.537,0.0,0.052,0.005,0,1150,955,950,40.0,4.1079
SYN-117,58.847,14.309,13.097,0.815,3.376,3.061,3.232,1.669,0.0,1.537,0.0,0.052,0.005,0,1150,955,1050,40.0,1.7044
SYN-117,58.847,14.309,13.097,0.815,3.376,3.061,3.232,1.669,0.0,1.537,0.0,0.052,0.005,0,1150,955,1050,40.0,1.7205
SYN-117,58.847,14.309,13.097,0.815,3.376,3.061,3.232,1.669,0.0,1.537,0.0,0.052,0.005,0,1150,955,1050,40.0,1.7715
SYN-118,66.204,13.98,0.0,0.038,6.917,3.199,3.837,0.0,3.983,1.122,0.717,0.003,0.0,0,1150,1089,850,290.0,3.1293
SYN-118,66.204,13.98,0.0,0.038,6.917,3.199,3.837,0.0,3.983,1.122,0.717,0.003,0.0,0,1150,1089,700,1300.0,2.9959
SYN-118,66.204,13.98,0.0,0.038,6.917,3.199,3.837,0.0,3.983,1.122,0.717,0.003,0.0,0,1150,1089,700,960.0,3.8223
SYN-118,66.204,13.98,0.0,0.038,6.917,3.199,3.837,0.0,3.983,1.122,0.717,0.003,0.0,0,1150,1089,750,1290.0,1.8402
SYN-118,66.204,13.98,0.0,0.038,6.917,3.199,3.837,0.0,3.983,1.122,0.717,0.003,0.0,0,1150,1089,750,1300.0,1.9664
SYN-118,66.204,13.98,0.0,0.038,6.917,3.199,3.837,0.0,3.983,1.122,0.717,0.003,0.0,0,1150,1089,800,390.0,3.5114
SYN-118,66.204,13.98,0.0,0.038,6.917,3.199,3.837,0.0,3.983,1.122,0.717,0.003,0.0,0,1150,1089,800,710.0,2.2006
SYN-118,66.204,13.98,0.0,0.038,6.917,3.199,3.837,0.0,3.983,1.122,0.717,0.003,0.0,0,1150,1089,800,540.0,2.9028
SYN-118,66.204,13.98,0.0,0.038,6.917,3.199,3.837,0.0,3.983,1.122,0.717,0.003,0.0,0,1150,1089,1000,150.0,1.4946
SYN-118,66.204,13.98,0.0,0.038,6.917,3.199,3.837,0.0,3.983,1.122,0.717,0.003,0.0,0,1150,1089,900,170.0,2.9403
SYN-118,66.204,13.98,0.0,0.038,6.917,3.199,3.837,0.0,3.983,1.122,0.717,0.003,0.0,0,1150,1089,900,220.0,2.6718
SYN-119,62.485,6.018,7.684,4.558,7.009,3.096,5.508,2.0,0.473,0.0,1.058,0.111,0.0,0,1257,1090,1050,140.0,3.1355
SYN-119,62.485,6.018,7.684,4.558,7.009,3.096,5.508,2.0,0.473,0.0,1.058,0.111,0.0,0,1257,1090,1050,210.0,2.1922
SYN-119,62.485,6.018,7.684,4.558,7.009,3.096,5.508,2.0,0.473,0.0,1.058,0.111,0.0,0,1257,1090,1100,40.0,3.4593
SYN-119,62.485,6.018,7.684,4.558,7.009,3.096,5.508,2.0,0.473,0.0,1.058,0.111,0.0,0,1257,1090,1100,80.0,2.6642
SYN-119,62.485,6.018,7.684,4.558,7.009,3.096,5.508,2.0,0.473,0.0,1.058,0.111,0.0,0,1257,1090,1100,50.0,3.0332
SYN-119,62.485,6.018,7.684,4.558,7.009,3.096,5.508,2.0,0.473,0.0,1.058,0.111,0.0,0,1257,1090,900,760.0,2.7849
SYN-119,62.485,6.018,7.684,4.558,7.009,3.096,5.508,2.0,0.473,0.0,1.058,0.111,0.0,0,1257,1090,900,540.0,3.6949
SYN-119,62.485,6.018,7.684,4.558,7.009,3.096,5.508,2.0,0.473,0.0,1.058,0.111,0.0,0,1257,1090,900,1300.0,1.7813
SYN-119,62.485,6.018,7.684,4.558,7.009,3.096,5.508,2.0,0.473,0.0,1.058,0.111,0.0,0,1257,1090,800,1190.0,3.8624
SYN-119,62.485,6.018,7.684,4.558,7.009,3.096,5.508,2.0,0.473,0.0,1.058,0.111,0.0,0,1257,1090,800,1020.0,4.321
SYN-119,62.485,6.018,7.684,4.558,7.009,3.096,5.508,2.0,0.473,0.0,1.058,0.111,0.0,0,1257,1090,800,1300.0,3.7285
